Source path,Class name,Line count,Method count,Field count,WMC,LCOM4,TCC,CBO,Maintainability index
src/integTest/java/io/moderne/devcenter/EcmaScriptModernizationTest.java,io.moderne.devcenter.EcmaScriptModernizationTest,208,13,1,13,3,0.01282051282051282,13,60.859953817396665
src/main/java/io/moderne/devcenter/AggregationFunction.java,io.moderne.devcenter.AggregationFunction,95,9,0,15,9,0.0,12,64.71936142080733
src/main/java/io/moderne/devcenter/AngularVersionUpgrade.java,io.moderne.devcenter.AngularVersionUpgrade,135,9,6,25,3,0.1111111111111111,16,59.56156047287175
src/main/java/io/moderne/devcenter/Bucket.java,io.moderne.devcenter.Bucket,32,2,2,6,2,0.0,1,60.35213041100242
src/main/java/io/moderne/devcenter/BucketedMetricCard.java,io.moderne.devcenter.BucketedMetricCard,185,11,7,32,5,0.07272727272727272,21,57.14514715817298
src/main/java/io/moderne/devcenter/BuildToolCard.java,io.moderne.devcenter.BuildToolCard,57,4,6,8,4,0.0,11,59.95737307659304
src/main/java/io/moderne/devcenter/CSharpVersionUpgrade.java,io.moderne.devcenter.CSharpVersionUpgrade,129,6,6,37,3,0.2,15,52.720927204238464
src/main/java/io/moderne/devcenter/DependencyVulnerabilityCheck.java,io.moderne.devcenter.DependencyVulnerabilityCheck,204,6,8,52,4,0.2,21,46.34218538971687
src/main/java/io/moderne/devcenter/DevCenter.java,io.moderne.devcenter.DevCenter,226,13,5,47,5,0.038461538461538464,27,56.294068591501826
src/main/java/io/moderne/devcenter/DevCenterMeasure.java,io.moderne.devcenter.DevCenterMeasure,12,3,0,3,3,0.0,1,86.73218207594023
src/main/java/io/moderne/devcenter/DevCenterValidationException.java,io.moderne.devcenter.DevCenterValidationException,11,1,1,1,1,1.0,4,63.40678711181859
src/main/java/io/moderne/devcenter/EcmaScriptModernization.java,io.moderne.devcenter.EcmaScriptModernization,160,7,4,11,6,0.047619047619047616,19,55.6820325274332
src/main/java/io/moderne/devcenter/FindActiveCommitters.java,io.moderne.devcenter.FindActiveCommitters,16,1,3,1,1,1.0,3,61.10207069848055
src/main/java/io/moderne/devcenter/FindOrganizationStatistics.java,io.moderne.devcenter.FindOrganizationStatistics,56,7,3,21,7,0.0,14,65.42212594491852
src/main/java/io/moderne/devcenter/GoVersionUpgrade.java,io.moderne.devcenter.GoVersionUpgrade,117,6,5,35,3,0.2,12,53.76830694009249
src/main/java/io/moderne/devcenter/GroovyVersionUpgrade.java,io.moderne.devcenter.GroovyVersionUpgrade,97,7,4,15,3,0.14285714285714285,13,60.448848608792744
src/main/java/io/moderne/devcenter/JUnitJupiterUpgrade.java,io.moderne.devcenter.JUnitJupiterUpgrade,141,11,6,42,7,0.0,28,59.54662411853066
src/main/java/io/moderne/devcenter/JavaVersionUpgrade.java,io.moderne.devcenter.JavaVersionUpgrade,85,5,4,15,3,0.3,10,57.063739215928706
src/main/java/io/moderne/devcenter/KotlinVersionUpgrade.java,io.moderne.devcenter.KotlinVersionUpgrade,103,7,4,25,3,0.14285714285714285,13,58.00787724893081
src/main/java/io/moderne/devcenter/LibraryUpgrade.java,io.moderne.devcenter.LibraryUpgrade,71,5,7,11,5,0.0,12,60.2816758895552
src/main/java/io/moderne/devcenter/NodeVersionUpgrade.java,io.moderne.devcenter.NodeVersionUpgrade,112,6,6,28,3,0.2,14,54.968578038638626
src/main/java/io/moderne/devcenter/ParentPomUpgrade.java,io.moderne.devcenter.ParentPomUpgrade,73,5,7,15,5,0.0,17,58.54587558304554
src/main/java/io/moderne/devcenter/PythonVersionUpgrade.java,io.moderne.devcenter.PythonVersionUpgrade,114,6,6,32,3,0.2,12,54.30331897996591
src/main/java/io/moderne/devcenter/ReportAsSecurityIssues.java,io.moderne.devcenter.ReportAsSecurityIssues,55,3,4,15,3,0.0,12,53.75718173589825
src/main/java/io/moderne/devcenter/ScalaVersionUpgrade.java,io.moderne.devcenter.ScalaVersionUpgrade,110,8,4,19,3,0.10714285714285714,14,60.48782964535218
src/main/java/io/moderne/devcenter/SemverMeasure.java,io.moderne.devcenter.SemverMeasure,15,1,1,1,1,1.0,1,69.46893973709855
src/main/java/io/moderne/devcenter/SemverRowBuilder.java,io.moderne.devcenter.SemverRowBuilder,66,4,7,12,1,0.3333333333333333,12,56.58526147236191
src/main/java/io/moderne/devcenter/UpgradeMigrationCard.java,io.moderne.devcenter.UpgradeMigrationCard,18,4,1,4,3,0.0,3,78.11042948648566
src/main/java/io/moderne/devcenter/internal/CSharpLineCounter.java,io.moderne.devcenter.internal.CSharpLineCounter,26,4,0,4,4,0.0,11,70.64860938344431
src/main/java/io/moderne/devcenter/internal/DockerLineCounter.java,io.moderne.devcenter.internal.DockerLineCounter,241,9,0,59,2,0.0,38,48.297659251538
src/main/java/io/moderne/devcenter/internal/GoLineCounter.java,io.moderne.devcenter.internal.GoLineCounter,26,4,0,4,4,0.0,11,70.64860938344431
src/main/java/io/moderne/devcenter/internal/GoModLineCounter.java,io.moderne.devcenter.internal.GoModLineCounter,32,5,0,5,5,0.0,7,70.9668646962322
src/main/java/io/moderne/devcenter/internal/GoSumLineCounter.java,io.moderne.devcenter.internal.GoSumLineCounter,20,3,0,3,3,0.0,5,70.76771109594983
src/main/java/io/moderne/devcenter/internal/GroovyLineCounter.java,io.moderne.devcenter.internal.GroovyLineCounter,158,13,0,35,6,0.0,43,59.484012413724116
src/main/java/io/moderne/devcenter/internal/HclLineCounter.java,io.moderne.devcenter.internal.HclLineCounter,300,30,0,45,2,0.0,57,63.14653797165669
src/main/java/io/moderne/devcenter/internal/IsMavenProject.java,io.moderne.devcenter.internal.IsMavenProject,11,1,0,3,1,1.0,7,63.137781263865364
src/main/java/io/moderne/devcenter/internal/JavaLineCounter.java,io.moderne.devcenter.internal.JavaLineCounter,67,8,0,14,6,0.0,21,65.70214905204475
src/main/java/io/moderne/devcenter/internal/JavaScriptLineCounter.java,io.moderne.devcenter.internal.JavaScriptLineCounter,27,4,0,4,4,0.0,11,70.06713358457512
src/main/java/io/moderne/devcenter/internal/JavaScriptModules.java,io.moderne.devcenter.internal.JavaScriptModules,130,4,0,18,2,0.0,16,51.647258354887576
src/main/java/io/moderne/devcenter/internal/JsonLineCounter.java,io.moderne.devcenter.internal.JsonLineCounter,66,5,0,16,2,0.0,15,59.2977215433716
src/main/java/io/moderne/devcenter/internal/KotlinLineCounter.java,io.moderne.devcenter.internal.KotlinLineCounter,604,49,0,127,4,0.0,91,59.27729222378723
src/main/java/io/moderne/devcenter/internal/LineCounters.java,io.moderne.devcenter.internal.LineCounters,87,4,1,25,2,0.0,62,52.791546102735126
src/main/java/io/moderne/devcenter/internal/Newlines.java,io.moderne.devcenter.internal.Newlines,157,9,0,42,4,0.0,15,56.570063089933406
src/main/java/io/moderne/devcenter/internal/PlainTextLineCounter.java,io.moderne.devcenter.internal.PlainTextLineCounter,21,2,0,8,2,0.0,4,61.699790676009584
src/main/java/io/moderne/devcenter/internal/PrintOrderLineCounter.java,io.moderne.devcenter.internal.PrintOrderLineCounter,21,3,2,5,1,1.0,3,69.58125003006151
src/main/java/io/moderne/devcenter/internal/PropertiesLineCounter.java,io.moderne.devcenter.internal.PropertiesLineCounter,33,3,0,7,2,0.0,7,61.70227243222282
src/main/java/io/moderne/devcenter/internal/ProtoLineCounter.java,io.moderne.devcenter.internal.ProtoLineCounter,346,35,0,59,2,0.0,56,63.75648304192678
src/main/java/io/moderne/devcenter/internal/PythonLineCounter.java,io.moderne.devcenter.internal.PythonLineCounter,26,4,0,4,4,0.0,11,70.64860938344431
src/main/java/io/moderne/devcenter/internal/ResolvedDependencyVersions.java,io.moderne.devcenter.internal.ResolvedDependencyVersions,66,4,0,20,2,0.0,15,56.034566654149245
src/main/java/io/moderne/devcenter/internal/RubyLineCounter.java,io.moderne.devcenter.internal.RubyLineCounter,430,36,2,97,6,0.011111111111111112,71,60.07446088351096
src/main/java/io/moderne/devcenter/internal/ScalaLineCounter.java,io.moderne.devcenter.internal.ScalaLineCounter,880,61,0,220,16,0.0,118,56.706972552277065
src/main/java/io/moderne/devcenter/internal/TomlLineCounter.java,io.moderne.devcenter.internal.TomlLineCounter,76,6,0,20,2,0.0,18,59.880857238210936
src/main/java/io/moderne/devcenter/internal/XmlLineCounter.java,io.moderne.devcenter.internal.XmlLineCounter,183,12,0,41,2,0.0,24,57.19690692019122
src/main/java/io/moderne/devcenter/internal/YamlLineCounter.java,io.moderne.devcenter.internal.YamlLineCounter,123,7,0,29,2,0.0,18,55.29991495582976
src/main/java/io/moderne/devcenter/result/DevCenterResult.java,io.moderne.devcenter.result.DevCenterResult,21,1,1,2,1,1.0,3,58.67422623124808
src/main/java/io/moderne/devcenter/result/DevCenterResultReducer.java,io.moderne.devcenter.result.DevCenterResultReducer,89,3,2,17,2,0.0,18,48.34002704747995
src/main/java/io/moderne/devcenter/result/SecurityIssuesReader.java,io.moderne.devcenter.result.SecurityIssuesReader,100,1,2,21,1,1.0,21,31.501208738978672
src/main/java/io/moderne/devcenter/result/UpgradesAndMigrationsReader.java,io.moderne.devcenter.result.UpgradesAndMigrationsReader,109,1,2,24,1,1.0,21,30.13526166324159
src/main/java/io/moderne/devcenter/table/OrganizationStatistics.java,io.moderne.devcenter.table.OrganizationStatistics,16,1,0,1,1,1.0,1,66.14299204229977
src/main/java/io/moderne/devcenter/table/SecurityIssues.java,io.moderne.devcenter.table.SecurityIssues,21,1,0,1,1,1.0,1,63.56677789561263
src/main/java/io/moderne/devcenter/table/UpgradesAndMigrations.java,io.moderne.devcenter.table.UpgradesAndMigrations,119,9,4,17,4,0.05555555555555555,11,62.73103402246686
src/test/java/io/moderne/devcenter/AngularVersionUpgradeTest.java,io.moderne.devcenter.AngularVersionUpgradeTest,115,7,0,8,6,0.0,20,55.877223517506145
src/test/java/io/moderne/devcenter/BucketedMetricCardTest.java,io.moderne.devcenter.BucketedMetricCardTest,231,11,3,11,1,0.8363636363636363,13,55.8345474016158
src/test/java/io/moderne/devcenter/BuildToolCardTest.java,io.moderne.devcenter.BuildToolCardTest,137,9,0,9,9,0.0,16,58.10436027161293
src/test/java/io/moderne/devcenter/CSharpVersionUpgradeTest.java,io.moderne.devcenter.CSharpVersionUpgradeTest,105,7,0,7,5,0.0,20,57.764872753054895
src/test/java/io/moderne/devcenter/DependencyVulnerabilityCheckLeakTest.java,io.moderne.devcenter.DependencyVulnerabilityCheckLeakTest,83,2,0,3,1,0.0,20,45.74484796129301
src/test/java/io/moderne/devcenter/DependencyVulnerabilityCheckTest.java,io.moderne.devcenter.DependencyVulnerabilityCheckTest,82,3,0,3,3,0.0,9,53.006110091037435
src/test/java/io/moderne/devcenter/DevCenterTest.java,io.moderne.devcenter.DevCenterTest,375,20,4,28,13,0.06315789473684211,59,55.30309077425968
src/test/java/io/moderne/devcenter/EcmaScriptModernizationMeasureTest.java,io.moderne.devcenter.EcmaScriptModernizationMeasureTest,19,1,0,1,1,1.0,4,59.85329697032038
src/test/java/io/moderne/devcenter/FindActiveCommittersTest.java,io.moderne.devcenter.FindActiveCommittersTest,54,4,0,4,1,0.0,20,59.18492618003904
src/test/java/io/moderne/devcenter/FindOrganizationStatisticsTest.java,io.moderne.devcenter.FindOrganizationStatisticsTest,184,15,0,16,6,0.0,43,60.11121405276948
src/test/java/io/moderne/devcenter/GoVersionUpgradeTest.java,io.moderne.devcenter.GoVersionUpgradeTest,78,6,0,6,4,0.0,18,59.76793583036738
src/test/java/io/moderne/devcenter/GroovyVersionUpgradeTest.java,io.moderne.devcenter.GroovyVersionUpgradeTest,64,4,0,4,4,0.0,14,58.075391531744884
src/test/java/io/moderne/devcenter/JUnitJupiterUpgradeTest.java,io.moderne.devcenter.JUnitJupiterUpgradeTest,250,15,5,15,4,0.12380952380952381,22,60.17643606811369
src/test/java/io/moderne/devcenter/JavaVersionUpgradeTest.java,io.moderne.devcenter.JavaVersionUpgradeTest,102,6,0,6,6,0.0,15,56.781466390863805
src/test/java/io/moderne/devcenter/KotlinVersionUpgradeTest.java,io.moderne.devcenter.KotlinVersionUpgradeTest,66,4,0,4,4,0.0,14,57.51407719259131
src/test/java/io/moderne/devcenter/LibraryUpgradeTest.java,io.moderne.devcenter.LibraryUpgradeTest,115,7,0,8,3,0.0,27,56.728654799783754
src/test/java/io/moderne/devcenter/NodeVersionUpgradeTest.java,io.moderne.devcenter.NodeVersionUpgradeTest,101,7,0,7,6,0.0,19,57.93971923201849
src/test/java/io/moderne/devcenter/ParentPomUpgradeTest.java,io.moderne.devcenter.ParentPomUpgradeTest,49,2,0,2,2,0.0,12,53.9781885443085
src/test/java/io/moderne/devcenter/PythonVersionUpgradeTest.java,io.moderne.devcenter.PythonVersionUpgradeTest,89,6,0,6,5,0.0,18,57.58271137316254
src/test/java/io/moderne/devcenter/ReportAsSecurityIssuesTest.java,io.moderne.devcenter.ReportAsSecurityIssuesTest,112,4,0,4,4,0.0,9,54.48802525870133
src/test/java/io/moderne/devcenter/ScalaVersionUpgradeTest.java,io.moderne.devcenter.ScalaVersionUpgradeTest,62,4,0,4,4,0.0,14,58.600392845745255
src/test/java/io/moderne/devcenter/UpgradeMigrationCardGroupTest.java,io.moderne.devcenter.UpgradeMigrationCardGroupTest,32,1,0,1,1,1.0,11,47.4258816272671
src/test/java/io/moderne/devcenter/internal/DockerLineCounterTest.java,io.moderne.devcenter.internal.DockerLineCounterTest,108,5,0,5,4,0.0,18,56.08032006775292
src/test/java/io/moderne/devcenter/internal/GroovyLineCounterTest.java,io.moderne.devcenter.internal.GroovyLineCounterTest,208,7,0,7,6,0.0,22,53.43437558747336
src/test/java/io/moderne/devcenter/internal/HclLineCounterTest.java,io.moderne.devcenter.internal.HclLineCounterTest,97,4,0,4,4,0.0,18,54.13576249333095
src/test/java/io/moderne/devcenter/internal/IsMavenProjectTest.java,io.moderne.devcenter.internal.IsMavenProjectTest,41,2,0,3,1,0.0,26,53.210615498545195
src/test/java/io/moderne/devcenter/internal/JavaLineCounterTest.java,io.moderne.devcenter.internal.JavaLineCounterTest,166,15,0,21,9,0.0,41,60.80692739648204
src/test/java/io/moderne/devcenter/internal/JsonLineCounterTest.java,io.moderne.devcenter.internal.JsonLineCounterTest,81,6,0,10,4,0.0,20,59.6158905110848
src/test/java/io/moderne/devcenter/internal/KotlinLineCounterTest.java,io.moderne.devcenter.internal.KotlinLineCounterTest,188,8,0,12,2,0.0,24,55.139434729226664
src/test/java/io/moderne/devcenter/internal/LineCountAssertions.java,io.moderne.devcenter.internal.LineCountAssertions,126,10,0,26,3,0.0,23,59.32981715776169
src/test/java/io/moderne/devcenter/internal/LineCountersTest.java,io.moderne.devcenter.internal.LineCountersTest,50,3,0,8,2,0.0,76,53.368246643268094
src/test/java/io/moderne/devcenter/internal/PlainTextLineCounterTest.java,io.moderne.devcenter.internal.PlainTextLineCounterTest,65,6,0,8,3,0.0,25,61.11830588768154
src/test/java/io/moderne/devcenter/internal/PropertiesLineCounterTest.java,io.moderne.devcenter.internal.PropertiesLineCounterTest,53,5,0,5,4,0.0,17,63.09744738491902
src/test/java/io/moderne/devcenter/internal/ProtoLineCounterTest.java,io.moderne.devcenter.internal.ProtoLineCounterTest,86,4,0,4,4,0.0,17,55.33217570312539
src/test/java/io/moderne/devcenter/internal/ResolvedDependencyVersionsTest.java,io.moderne.devcenter.internal.ResolvedDependencyVersionsTest,171,12,1,31,3,0.0,32,57.22436591117735
src/test/java/io/moderne/devcenter/internal/RubyLineCounterTest.java,io.moderne.devcenter.internal.RubyLineCounterTest,125,13,0,15,3,0.0,20,64.99676225914912
src/test/java/io/moderne/devcenter/internal/ScalaLineCounterTest.java,io.moderne.devcenter.internal.ScalaLineCounterTest,196,5,1,5,3,0.1,19,50.38278713799136
src/test/java/io/moderne/devcenter/internal/TomlLineCounterTest.java,io.moderne.devcenter.internal.TomlLineCounterTest,92,4,0,6,3,0.0,20,54.59141676801508
src/test/java/io/moderne/devcenter/internal/XmlLineCounterTest.java,io.moderne.devcenter.internal.XmlLineCounterTest,116,7,0,9,3,0.0,26,57.913260798528164
src/test/java/io/moderne/devcenter/internal/YamlLineCounterTest.java,io.moderne.devcenter.internal.YamlLineCounterTest,145,4,0,6,3,0.0,20,50.14814072701611
src/test/java/io/moderne/devcenter/result/DevCenterResultReducerTest.java,io.moderne.devcenter.result.DevCenterResultReducerTest,97,6,3,8,1,1.0,21,57.885155541530565
src/test/java/io/moderne/devcenter/table/UpgradesAndMigrationsTest.java,io.moderne.devcenter.table.UpgradesAndMigrationsTest,95,6,0,6,3,0.0,14,57.60672042946839
