Source path,Class name,Method name,Smell type,Severity,Evidence
src/integTest/java/io/moderne/devcenter/EcmaScriptModernizationTest.java,io.moderne.devcenter.EcmaScriptModernizationTest,declarationFilesAreSkipped,FEATURE_ENVY,LOW,"foreign accesses=6, own accesses=1"
src/integTest/java/io/moderne/devcenter/EcmaScriptModernizationTest.java,io.moderne.devcenter.EcmaScriptModernizationTest,expect,FEATURE_ENVY,LOW,"foreign accesses=7, own accesses=1"
src/integTest/java/io/moderne/devcenter/EcmaScriptModernizationTest.java,io.moderne.devcenter.EcmaScriptModernizationTest,noRowWithoutVariableDeclarations,FEATURE_ENVY,LOW,"foreign accesses=9, own accesses=0"
src/integTest/java/io/moderne/devcenter/EcmaScriptModernizationTest.java,io.moderne.devcenter.EcmaScriptModernizationTest,vendoredAndBundledFilesAreSkipped,FEATURE_ENVY,LOW,"foreign accesses=8, own accesses=1"
src/main/java/io/moderne/devcenter/AggregationFunction.java,io.moderne.devcenter.AggregationFunction,apply,FEATURE_ENVY,LOW,"foreign accesses=6, own accesses=0"
src/main/java/io/moderne/devcenter/AggregationFunction.java,io.moderne.devcenter.AggregationFunction,apply,FEATURE_ENVY,LOW,"foreign accesses=6, own accesses=0"
src/main/java/io/moderne/devcenter/AggregationFunction.java,io.moderne.devcenter.AggregationFunction,apply,FEATURE_ENVY,LOW,"foreign accesses=5, own accesses=0"
src/main/java/io/moderne/devcenter/AggregationFunction.java,io.moderne.devcenter.AggregationFunction,apply,FEATURE_ENVY,LOW,"foreign accesses=7, own accesses=0"
src/main/java/io/moderne/devcenter/AngularVersionUpgrade.java,io.moderne.devcenter.AngularVersionUpgrade,bucketFor,FEATURE_ENVY,MEDIUM,"foreign accesses=10, own accesses=0"
src/main/java/io/moderne/devcenter/AngularVersionUpgrade.java,io.moderne.devcenter.AngularVersionUpgrade,getMeasures,FEATURE_ENVY,LOW,"foreign accesses=7, own accesses=1"
src/main/java/io/moderne/devcenter/BucketedMetricCard.java,io.moderne.devcenter.BucketedMetricCard,collectRows,FEATURE_ENVY,MEDIUM,"foreign accesses=10, own accesses=1"
src/main/java/io/moderne/devcenter/BucketedMetricCard.java,io.moderne.devcenter.BucketedMetricCard,extractRawValue,FEATURE_ENVY,MEDIUM,"foreign accesses=11, own accesses=2"
src/main/java/io/moderne/devcenter/BuildToolCard.java,io.moderne.devcenter.BuildToolCard,visit,FEATURE_ENVY,MEDIUM,"foreign accesses=12, own accesses=3"
src/main/java/io/moderne/devcenter/CSharpVersionUpgrade.java,io.moderne.devcenter.CSharpVersionUpgrade,getMeasures,FEATURE_ENVY,LOW,"foreign accesses=7, own accesses=1"
src/main/java/io/moderne/devcenter/CSharpVersionUpgrade.java,io.moderne.devcenter.CSharpVersionUpgrade,parseMajorVersion,FEATURE_ENVY,MEDIUM,"foreign accesses=11, own accesses=2"
src/main/java/io/moderne/devcenter/CSharpVersionUpgrade.java,io.moderne.devcenter.CSharpVersionUpgrade,visit,FEATURE_ENVY,HIGH,"foreign accesses=27, own accesses=4"
src/main/java/io/moderne/devcenter/DependencyVulnerabilityCheck.java,io.moderne.devcenter.DependencyVulnerabilityCheck,,GOD_CLASS,HIGH,"WMC=52, TCC=0.20, ATFD=25"
src/main/java/io/moderne/devcenter/DependencyVulnerabilityCheck.java,io.moderne.devcenter.DependencyVulnerabilityCheck,preVisit,FEATURE_ENVY,LOW,"foreign accesses=8, own accesses=0"
src/main/java/io/moderne/devcenter/DevCenter.java,io.moderne.devcenter.DevCenter,,GOD_CLASS,LOW,"WMC=47, TCC=0.04, ATFD=8"
src/main/java/io/moderne/devcenter/DevCenter.java,io.moderne.devcenter.DevCenter,cardToSpec,FEATURE_ENVY,LOW,"foreign accesses=8, own accesses=0"
src/main/java/io/moderne/devcenter/DevCenter.java,io.moderne.devcenter.DevCenter,getSecurityRecursive,FEATURE_ENVY,HIGH,"foreign accesses=20, own accesses=3"
src/main/java/io/moderne/devcenter/DevCenter.java,io.moderne.devcenter.DevCenter,getUpgradesAndMigrationsRecursive,FEATURE_ENVY,MEDIUM,"foreign accesses=14, own accesses=1"
src/main/java/io/moderne/devcenter/DevCenter.java,io.moderne.devcenter.DevCenter,isDevCenter,FEATURE_ENVY,HIGH,"foreign accesses=15, own accesses=1"
src/main/java/io/moderne/devcenter/DevCenter.java,io.moderne.devcenter.DevCenter,validate,FEATURE_ENVY,MEDIUM,"foreign accesses=14, own accesses=3"
src/main/java/io/moderne/devcenter/EcmaScriptModernization.java,io.moderne.devcenter.EcmaScriptModernization,onComplete,FEATURE_ENVY,HIGH,"foreign accesses=15, own accesses=3"
src/main/java/io/moderne/devcenter/FindOrganizationStatistics.java,io.moderne.devcenter.FindOrganizationStatistics,preVisit,FEATURE_ENVY,LOW,"foreign accesses=6, own accesses=0"
src/main/java/io/moderne/devcenter/GoVersionUpgrade.java,io.moderne.devcenter.GoVersionUpgrade,getMeasures,FEATURE_ENVY,LOW,"foreign accesses=7, own accesses=1"
src/main/java/io/moderne/devcenter/GoVersionUpgrade.java,io.moderne.devcenter.GoVersionUpgrade,parseVersion,FEATURE_ENVY,LOW,"foreign accesses=6, own accesses=1"
src/main/java/io/moderne/devcenter/GoVersionUpgrade.java,io.moderne.devcenter.GoVersionUpgrade,visit,FEATURE_ENVY,HIGH,"foreign accesses=30, own accesses=4"
src/main/java/io/moderne/devcenter/GroovyVersionUpgrade.java,io.moderne.devcenter.GroovyVersionUpgrade,findGroovyDependency,FEATURE_ENVY,HIGH,"foreign accesses=15, own accesses=4"
src/main/java/io/moderne/devcenter/GroovyVersionUpgrade.java,io.moderne.devcenter.GroovyVersionUpgrade,getMeasures,FEATURE_ENVY,LOW,"foreign accesses=7, own accesses=1"
src/main/java/io/moderne/devcenter/JUnitJupiterUpgrade.java,io.moderne.devcenter.JUnitJupiterUpgrade,isOnJupiter6,FEATURE_ENVY,HIGH,"foreign accesses=15, own accesses=1"
src/main/java/io/moderne/devcenter/JavaVersionUpgrade.java,io.moderne.devcenter.JavaVersionUpgrade,getMeasures,FEATURE_ENVY,LOW,"foreign accesses=7, own accesses=1"
src/main/java/io/moderne/devcenter/JavaVersionUpgrade.java,io.moderne.devcenter.JavaVersionUpgrade,preVisit,FEATURE_ENVY,HIGH,"foreign accesses=22, own accesses=3"
src/main/java/io/moderne/devcenter/KotlinVersionUpgrade.java,io.moderne.devcenter.KotlinVersionUpgrade,getMeasures,FEATURE_ENVY,LOW,"foreign accesses=9, own accesses=3"
src/main/java/io/moderne/devcenter/KotlinVersionUpgrade.java,io.moderne.devcenter.KotlinVersionUpgrade,parseVersion,FEATURE_ENVY,LOW,"foreign accesses=5, own accesses=0"
src/main/java/io/moderne/devcenter/KotlinVersionUpgrade.java,io.moderne.devcenter.KotlinVersionUpgrade,preVisit,FEATURE_ENVY,HIGH,"foreign accesses=16, own accesses=6"
src/main/java/io/moderne/devcenter/NodeVersionUpgrade.java,io.moderne.devcenter.NodeVersionUpgrade,getMeasures,FEATURE_ENVY,LOW,"foreign accesses=7, own accesses=1"
src/main/java/io/moderne/devcenter/NodeVersionUpgrade.java,io.moderne.devcenter.NodeVersionUpgrade,parseMajorVersion,FEATURE_ENVY,LOW,"foreign accesses=8, own accesses=2"
src/main/java/io/moderne/devcenter/NodeVersionUpgrade.java,io.moderne.devcenter.NodeVersionUpgrade,visit,FEATURE_ENVY,HIGH,"foreign accesses=24, own accesses=4"
src/main/java/io/moderne/devcenter/ParentPomUpgrade.java,io.moderne.devcenter.ParentPomUpgrade,preVisit,FEATURE_ENVY,HIGH,"foreign accesses=18, own accesses=4"
src/main/java/io/moderne/devcenter/PythonVersionUpgrade.java,io.moderne.devcenter.PythonVersionUpgrade,getMeasures,FEATURE_ENVY,LOW,"foreign accesses=7, own accesses=1"
src/main/java/io/moderne/devcenter/PythonVersionUpgrade.java,io.moderne.devcenter.PythonVersionUpgrade,parseMinimumVersion,FEATURE_ENVY,MEDIUM,"foreign accesses=12, own accesses=2"
src/main/java/io/moderne/devcenter/PythonVersionUpgrade.java,io.moderne.devcenter.PythonVersionUpgrade,visit,FEATURE_ENVY,HIGH,"foreign accesses=24, own accesses=4"
src/main/java/io/moderne/devcenter/ReportAsSecurityIssues.java,io.moderne.devcenter.ReportAsSecurityIssues,preVisit,FEATURE_ENVY,HIGH,"foreign accesses=19, own accesses=3"
src/main/java/io/moderne/devcenter/ScalaVersionUpgrade.java,io.moderne.devcenter.ScalaVersionUpgrade,emitMeasures,FEATURE_ENVY,HIGH,"foreign accesses=16, own accesses=5"
src/main/java/io/moderne/devcenter/ScalaVersionUpgrade.java,io.moderne.devcenter.ScalaVersionUpgrade,getMeasures,FEATURE_ENVY,LOW,"foreign accesses=7, own accesses=1"
src/main/java/io/moderne/devcenter/SemverRowBuilder.java,io.moderne.devcenter.SemverRowBuilder,getRow,FEATURE_ENVY,HIGH,"foreign accesses=27, own accesses=7"
src/main/java/io/moderne/devcenter/internal/DockerLineCounter.java,io.moderne.devcenter.internal.DockerLineCounter,docker,FEATURE_ENVY,CRITICAL,"foreign accesses=133, own accesses=43"
src/main/java/io/moderne/devcenter/internal/DockerLineCounter.java,io.moderne.devcenter.internal.DockerLineCounter,space,FEATURE_ENVY,LOW,"foreign accesses=7, own accesses=0"
src/main/java/io/moderne/devcenter/internal/GroovyLineCounter.java,io.moderne.devcenter.internal.GroovyLineCounter,printsEmptyArgumentList,FEATURE_ENVY,LOW,"foreign accesses=5, own accesses=0"
src/main/java/io/moderne/devcenter/internal/GroovyLineCounter.java,io.moderne.devcenter.internal.GroovyLineCounter,visitBinary,FEATURE_ENVY,LOW,"foreign accesses=7, own accesses=2"
src/main/java/io/moderne/devcenter/internal/GroovyLineCounter.java,io.moderne.devcenter.internal.GroovyLineCounter,visitCompilationUnit,FEATURE_ENVY,HIGH,"foreign accesses=25, own accesses=2"
src/main/java/io/moderne/devcenter/internal/GroovyLineCounter.java,io.moderne.devcenter.internal.GroovyLineCounter,visitLambda,FEATURE_ENVY,CRITICAL,"foreign accesses=32, own accesses=3"
src/main/java/io/moderne/devcenter/internal/GroovyLineCounter.java,io.moderne.devcenter.internal.GroovyLineCounter,visitMarker,FEATURE_ENVY,HIGH,"foreign accesses=18, own accesses=2"
src/main/java/io/moderne/devcenter/internal/GroovyLineCounter.java,io.moderne.devcenter.internal.GroovyLineCounter,visitTernary,FEATURE_ENVY,HIGH,"foreign accesses=25, own accesses=4"
src/main/java/io/moderne/devcenter/internal/GroovyLineCounter.java,io.moderne.devcenter.internal.GroovyLineCounter,visitTypeCast,FEATURE_ENVY,HIGH,"foreign accesses=21, own accesses=3"
src/main/java/io/moderne/devcenter/internal/GroovyLineCounter.java,io.moderne.devcenter.internal.GroovyLineCounter,visitUnary,FEATURE_ENVY,LOW,"foreign accesses=7, own accesses=1"
src/main/java/io/moderne/devcenter/internal/HclLineCounter.java,io.moderne.devcenter.internal.HclLineCounter,container,FEATURE_ENVY,HIGH,"foreign accesses=16, own accesses=2"
src/main/java/io/moderne/devcenter/internal/HclLineCounter.java,io.moderne.devcenter.internal.HclLineCounter,leftPadded,FEATURE_ENVY,LOW,"foreign accesses=5, own accesses=1"
src/main/java/io/moderne/devcenter/internal/HclLineCounter.java,io.moderne.devcenter.internal.HclLineCounter,visitAttribute,FEATURE_ENVY,HIGH,"foreign accesses=16, own accesses=3"
src/main/java/io/moderne/devcenter/internal/HclLineCounter.java,io.moderne.devcenter.internal.HclLineCounter,visitAttributeAccess,FEATURE_ENVY,LOW,"foreign accesses=6, own accesses=2"
src/main/java/io/moderne/devcenter/internal/HclLineCounter.java,io.moderne.devcenter.internal.HclLineCounter,visitBinary,FEATURE_ENVY,MEDIUM,"foreign accesses=10, own accesses=2"
src/main/java/io/moderne/devcenter/internal/HclLineCounter.java,io.moderne.devcenter.internal.HclLineCounter,visitBlock,FEATURE_ENVY,MEDIUM,"foreign accesses=14, own accesses=3"
src/main/java/io/moderne/devcenter/internal/HclLineCounter.java,io.moderne.devcenter.internal.HclLineCounter,visitConditional,FEATURE_ENVY,MEDIUM,"foreign accesses=10, own accesses=3"
src/main/java/io/moderne/devcenter/internal/HclLineCounter.java,io.moderne.devcenter.internal.HclLineCounter,visitConfigFile,FEATURE_ENVY,LOW,"foreign accesses=5, own accesses=2"
src/main/java/io/moderne/devcenter/internal/HclLineCounter.java,io.moderne.devcenter.internal.HclLineCounter,visitForIntro,FEATURE_ENVY,LOW,"foreign accesses=6, own accesses=2"
src/main/java/io/moderne/devcenter/internal/HclLineCounter.java,io.moderne.devcenter.internal.HclLineCounter,visitForObject,FEATURE_ENVY,HIGH,"foreign accesses=25, own accesses=6"
src/main/java/io/moderne/devcenter/internal/HclLineCounter.java,io.moderne.devcenter.internal.HclLineCounter,visitForTuple,FEATURE_ENVY,HIGH,"foreign accesses=15, own accesses=4"
src/main/java/io/moderne/devcenter/internal/HclLineCounter.java,io.moderne.devcenter.internal.HclLineCounter,visitFunctionCall,FEATURE_ENVY,LOW,"foreign accesses=6, own accesses=2"
src/main/java/io/moderne/devcenter/internal/HclLineCounter.java,io.moderne.devcenter.internal.HclLineCounter,visitHeredocTemplate,FEATURE_ENVY,MEDIUM,"foreign accesses=12, own accesses=2"
src/main/java/io/moderne/devcenter/internal/HclLineCounter.java,io.moderne.devcenter.internal.HclLineCounter,visitIndexPosition,FEATURE_ENVY,LOW,"foreign accesses=7, own accesses=1"
src/main/java/io/moderne/devcenter/internal/HclLineCounter.java,io.moderne.devcenter.internal.HclLineCounter,visitLegacyIndexAttribute,FEATURE_ENVY,LOW,"foreign accesses=7, own accesses=2"
src/main/java/io/moderne/devcenter/internal/HclLineCounter.java,io.moderne.devcenter.internal.HclLineCounter,visitParentheses,FEATURE_ENVY,LOW,"foreign accesses=7, own accesses=1"
src/main/java/io/moderne/devcenter/internal/HclLineCounter.java,io.moderne.devcenter.internal.HclLineCounter,visitSpace,FEATURE_ENVY,MEDIUM,"foreign accesses=12, own accesses=0"
src/main/java/io/moderne/devcenter/internal/HclLineCounter.java,io.moderne.devcenter.internal.HclLineCounter,visitSplatOperator,FEATURE_ENVY,HIGH,"foreign accesses=15, own accesses=3"
src/main/java/io/moderne/devcenter/internal/HclLineCounter.java,io.moderne.devcenter.internal.HclLineCounter,visitTemplateInterpolation,FEATURE_ENVY,LOW,"foreign accesses=7, own accesses=1"
src/main/java/io/moderne/devcenter/internal/IsMavenProject.java,io.moderne.devcenter.internal.IsMavenProject,preVisit,FEATURE_ENVY,LOW,"foreign accesses=7, own accesses=0"
src/main/java/io/moderne/devcenter/internal/JavaLineCounter.java,io.moderne.devcenter.internal.JavaLineCounter,trailingSpace,FEATURE_ENVY,HIGH,"foreign accesses=16, own accesses=0"
src/main/java/io/moderne/devcenter/internal/JavaLineCounter.java,io.moderne.devcenter.internal.JavaLineCounter,visitClassDeclaration,FEATURE_ENVY,MEDIUM,"foreign accesses=13, own accesses=2"
src/main/java/io/moderne/devcenter/internal/JavaScriptModules.java,io.moderne.devcenter.internal.JavaScriptModules,isModule,FEATURE_ENVY,LOW,"foreign accesses=6, own accesses=1"
src/main/java/io/moderne/devcenter/internal/JavaScriptModules.java,io.moderne.devcenter.internal.JavaScriptModules,modifiersOf,FEATURE_ENVY,LOW,"foreign accesses=7, own accesses=0"
src/main/java/io/moderne/devcenter/internal/JsonLineCounter.java,io.moderne.devcenter.internal.JsonLineCounter,elements,FEATURE_ENVY,LOW,"foreign accesses=6, own accesses=2"
src/main/java/io/moderne/devcenter/internal/JsonLineCounter.java,io.moderne.devcenter.internal.JsonLineCounter,node,FEATURE_ENVY,HIGH,"foreign accesses=19, own accesses=6"
src/main/java/io/moderne/devcenter/internal/JsonLineCounter.java,io.moderne.devcenter.internal.JsonLineCounter,space,FEATURE_ENVY,MEDIUM,"foreign accesses=10, own accesses=0"
src/main/java/io/moderne/devcenter/internal/KotlinLineCounter.java,io.moderne.devcenter.internal.KotlinLineCounter,,GOD_CLASS,HIGH,"WMC=127, TCC=0.00, ATFD=98"
src/main/java/io/moderne/devcenter/internal/KotlinLineCounter.java,io.moderne.devcenter.internal.KotlinLineCounter,arguments,FEATURE_ENVY,HIGH,"foreign accesses=18, own accesses=3"
src/main/java/io/moderne/devcenter/internal/KotlinLineCounter.java,io.moderne.devcenter.internal.KotlinLineCounter,classDeclaration,FEATURE_ENVY,CRITICAL,"foreign accesses=45, own accesses=8"
src/main/java/io/moderne/devcenter/internal/KotlinLineCounter.java,io.moderne.devcenter.internal.KotlinLineCounter,isImplicit,FEATURE_ENVY,LOW,"foreign accesses=5, own accesses=0"
src/main/java/io/moderne/devcenter/internal/KotlinLineCounter.java,io.moderne.devcenter.internal.KotlinLineCounter,lambdaParameters,FEATURE_ENVY,HIGH,"foreign accesses=15, own accesses=5"
src/main/java/io/moderne/devcenter/internal/KotlinLineCounter.java,io.moderne.devcenter.internal.KotlinLineCounter,methodDeclaration,FEATURE_ENVY,CRITICAL,"foreign accesses=45, own accesses=9"
src/main/java/io/moderne/devcenter/internal/KotlinLineCounter.java,io.moderne.devcenter.internal.KotlinLineCounter,parameters,FEATURE_ENVY,LOW,"foreign accesses=7, own accesses=3"
src/main/java/io/moderne/devcenter/internal/KotlinLineCounter.java,io.moderne.devcenter.internal.KotlinLineCounter,printsSyntax,FEATURE_ENVY,MEDIUM,"foreign accesses=10, own accesses=1"
src/main/java/io/moderne/devcenter/internal/KotlinLineCounter.java,io.moderne.devcenter.internal.KotlinLineCounter,rightPadded,FEATURE_ENVY,LOW,"foreign accesses=7, own accesses=1"
src/main/java/io/moderne/devcenter/internal/KotlinLineCounter.java,io.moderne.devcenter.internal.KotlinLineCounter,typeReferencePrefix,FEATURE_ENVY,LOW,"foreign accesses=7, own accesses=1"
src/main/java/io/moderne/devcenter/internal/KotlinLineCounter.java,io.moderne.devcenter.internal.KotlinLineCounter,visitBlock,FEATURE_ENVY,MEDIUM,"foreign accesses=14, own accesses=5"
src/main/java/io/moderne/devcenter/internal/KotlinLineCounter.java,io.moderne.devcenter.internal.KotlinLineCounter,visitCompilationUnit,FEATURE_ENVY,HIGH,"foreign accesses=15, own accesses=5"
src/main/java/io/moderne/devcenter/internal/KotlinLineCounter.java,io.moderne.devcenter.internal.KotlinLineCounter,visitConstructor,FEATURE_ENVY,HIGH,"foreign accesses=16, own accesses=3"
src/main/java/io/moderne/devcenter/internal/KotlinLineCounter.java,io.moderne.devcenter.internal.KotlinLineCounter,visitConstructorInvocation,FEATURE_ENVY,LOW,"foreign accesses=6, own accesses=2"
src/main/java/io/moderne/devcenter/internal/KotlinLineCounter.java,io.moderne.devcenter.internal.KotlinLineCounter,visitDestructuringDeclaration,FEATURE_ENVY,HIGH,"foreign accesses=25, own accesses=4"
src/main/java/io/moderne/devcenter/internal/KotlinLineCounter.java,io.moderne.devcenter.internal.KotlinLineCounter,visitFunctionType,FEATURE_ENVY,HIGH,"foreign accesses=16, own accesses=5"
src/main/java/io/moderne/devcenter/internal/KotlinLineCounter.java,io.moderne.devcenter.internal.KotlinLineCounter,visitFunctionTypeParameter,FEATURE_ENVY,LOW,"foreign accesses=6, own accesses=1"
src/main/java/io/moderne/devcenter/internal/KotlinLineCounter.java,io.moderne.devcenter.internal.KotlinLineCounter,visitImport,FEATURE_ENVY,MEDIUM,"foreign accesses=11, own accesses=2"
src/main/java/io/moderne/devcenter/internal/KotlinLineCounter.java,io.moderne.devcenter.internal.KotlinLineCounter,visitLambda,FEATURE_ENVY,HIGH,"foreign accesses=21, own accesses=4"
src/main/java/io/moderne/devcenter/internal/KotlinLineCounter.java,io.moderne.devcenter.internal.KotlinLineCounter,visitMethodInvocation,FEATURE_ENVY,MEDIUM,"foreign accesses=13, own accesses=4"
src/main/java/io/moderne/devcenter/internal/KotlinLineCounter.java,io.moderne.devcenter.internal.KotlinLineCounter,visitNewClass,FEATURE_ENVY,MEDIUM,"foreign accesses=12, own accesses=5"
src/main/java/io/moderne/devcenter/internal/KotlinLineCounter.java,io.moderne.devcenter.internal.KotlinLineCounter,visitProperty,FEATURE_ENVY,CRITICAL,"foreign accesses=73, own accesses=13"
src/main/java/io/moderne/devcenter/internal/KotlinLineCounter.java,io.moderne.devcenter.internal.KotlinLineCounter,visitReturn,FEATURE_ENVY,LOW,"foreign accesses=7, own accesses=1"
src/main/java/io/moderne/devcenter/internal/KotlinLineCounter.java,io.moderne.devcenter.internal.KotlinLineCounter,visitStringTemplateExpression,FEATURE_ENVY,LOW,"foreign accesses=8, own accesses=2"
src/main/java/io/moderne/devcenter/internal/KotlinLineCounter.java,io.moderne.devcenter.internal.KotlinLineCounter,visitTypeAlias,FEATURE_ENVY,HIGH,"foreign accesses=16, own accesses=3"
src/main/java/io/moderne/devcenter/internal/KotlinLineCounter.java,io.moderne.devcenter.internal.KotlinLineCounter,visitTypeCast,FEATURE_ENVY,LOW,"foreign accesses=5, own accesses=2"
src/main/java/io/moderne/devcenter/internal/KotlinLineCounter.java,io.moderne.devcenter.internal.KotlinLineCounter,visitTypeParameter,FEATURE_ENVY,MEDIUM,"foreign accesses=13, own accesses=3"
src/main/java/io/moderne/devcenter/internal/KotlinLineCounter.java,io.moderne.devcenter.internal.KotlinLineCounter,visitUnary,FEATURE_ENVY,MEDIUM,"foreign accesses=11, own accesses=2"
src/main/java/io/moderne/devcenter/internal/KotlinLineCounter.java,io.moderne.devcenter.internal.KotlinLineCounter,visitVariable,FEATURE_ENVY,MEDIUM,"foreign accesses=13, own accesses=2"
src/main/java/io/moderne/devcenter/internal/KotlinLineCounter.java,io.moderne.devcenter.internal.KotlinLineCounter,visitVariableDeclarations,FEATURE_ENVY,HIGH,"foreign accesses=21, own accesses=4"
src/main/java/io/moderne/devcenter/internal/KotlinLineCounter.java,io.moderne.devcenter.internal.KotlinLineCounter,visitWhenBranch,FEATURE_ENVY,HIGH,"foreign accesses=18, own accesses=4"
src/main/java/io/moderne/devcenter/internal/LineCounters.java,io.moderne.devcenter.internal.LineCounters,count,FEATURE_ENVY,HIGH,"foreign accesses=24, own accesses=1"
src/main/java/io/moderne/devcenter/internal/Newlines.java,io.moderne.devcenter.internal.Newlines,addSpace,FEATURE_ENVY,LOW,"foreign accesses=9, own accesses=3"
src/main/java/io/moderne/devcenter/internal/Newlines.java,io.moderne.devcenter.internal.Newlines,addText,FEATURE_ENVY,LOW,"foreign accesses=5, own accesses=1"
src/main/java/io/moderne/devcenter/internal/Newlines.java,io.moderne.devcenter.internal.Newlines,endsWithNewline,FEATURE_ENVY,HIGH,"foreign accesses=23, own accesses=0"
src/main/java/io/moderne/devcenter/internal/Newlines.java,io.moderne.devcenter.internal.Newlines,lineCount,FEATURE_ENVY,LOW,"foreign accesses=8, own accesses=0"
src/main/java/io/moderne/devcenter/internal/Newlines.java,io.moderne.devcenter.internal.Newlines,lineCount,FEATURE_ENVY,MEDIUM,"foreign accesses=12, own accesses=1"
src/main/java/io/moderne/devcenter/internal/PlainTextLineCounter.java,io.moderne.devcenter.internal.PlainTextLineCounter,count,FEATURE_ENVY,MEDIUM,"foreign accesses=10, own accesses=0"
src/main/java/io/moderne/devcenter/internal/PropertiesLineCounter.java,io.moderne.devcenter.internal.PropertiesLineCounter,count,FEATURE_ENVY,MEDIUM,"foreign accesses=11, own accesses=1"
src/main/java/io/moderne/devcenter/internal/PropertiesLineCounter.java,io.moderne.devcenter.internal.PropertiesLineCounter,entry,FEATURE_ENVY,HIGH,"foreign accesses=16, own accesses=0"
src/main/java/io/moderne/devcenter/internal/ProtoLineCounter.java,io.moderne.devcenter.internal.ProtoLineCounter,container,FEATURE_ENVY,MEDIUM,"foreign accesses=13, own accesses=2"
src/main/java/io/moderne/devcenter/internal/ProtoLineCounter.java,io.moderne.devcenter.internal.ProtoLineCounter,statements,FEATURE_ENVY,LOW,"foreign accesses=5, own accesses=2"
src/main/java/io/moderne/devcenter/internal/ProtoLineCounter.java,io.moderne.devcenter.internal.ProtoLineCounter,visitEnum,FEATURE_ENVY,LOW,"foreign accesses=5, own accesses=1"
src/main/java/io/moderne/devcenter/internal/ProtoLineCounter.java,io.moderne.devcenter.internal.ProtoLineCounter,visitEnumField,FEATURE_ENVY,LOW,"foreign accesses=8, own accesses=2"
src/main/java/io/moderne/devcenter/internal/ProtoLineCounter.java,io.moderne.devcenter.internal.ProtoLineCounter,visitExtensionName,FEATURE_ENVY,LOW,"foreign accesses=5, own accesses=1"
src/main/java/io/moderne/devcenter/internal/ProtoLineCounter.java,io.moderne.devcenter.internal.ProtoLineCounter,visitField,FEATURE_ENVY,MEDIUM,"foreign accesses=12, own accesses=2"
src/main/java/io/moderne/devcenter/internal/ProtoLineCounter.java,io.moderne.devcenter.internal.ProtoLineCounter,visitFullIdentifier,FEATURE_ENVY,LOW,"foreign accesses=7, own accesses=1"
src/main/java/io/moderne/devcenter/internal/ProtoLineCounter.java,io.moderne.devcenter.internal.ProtoLineCounter,visitGroup,FEATURE_ENVY,MEDIUM,"foreign accesses=12, own accesses=1"
src/main/java/io/moderne/devcenter/internal/ProtoLineCounter.java,io.moderne.devcenter.internal.ProtoLineCounter,visitImport,FEATURE_ENVY,LOW,"foreign accesses=6, own accesses=1"
src/main/java/io/moderne/devcenter/internal/ProtoLineCounter.java,io.moderne.devcenter.internal.ProtoLineCounter,visitMapField,FEATURE_ENVY,HIGH,"foreign accesses=21, own accesses=3"
src/main/java/io/moderne/devcenter/internal/ProtoLineCounter.java,io.moderne.devcenter.internal.ProtoLineCounter,visitMessage,FEATURE_ENVY,LOW,"foreign accesses=5, own accesses=1"
src/main/java/io/moderne/devcenter/internal/ProtoLineCounter.java,io.moderne.devcenter.internal.ProtoLineCounter,visitOneOf,FEATURE_ENVY,LOW,"foreign accesses=5, own accesses=1"
src/main/java/io/moderne/devcenter/internal/ProtoLineCounter.java,io.moderne.devcenter.internal.ProtoLineCounter,visitOption,FEATURE_ENVY,LOW,"foreign accesses=6, own accesses=1"
src/main/java/io/moderne/devcenter/internal/ProtoLineCounter.java,io.moderne.devcenter.internal.ProtoLineCounter,visitOptionDeclaration,FEATURE_ENVY,LOW,"foreign accesses=7, own accesses=1"
src/main/java/io/moderne/devcenter/internal/ProtoLineCounter.java,io.moderne.devcenter.internal.ProtoLineCounter,visitRange,FEATURE_ENVY,LOW,"foreign accesses=7, own accesses=1"
src/main/java/io/moderne/devcenter/internal/ProtoLineCounter.java,io.moderne.devcenter.internal.ProtoLineCounter,visitRpc,FEATURE_ENVY,MEDIUM,"foreign accesses=11, own accesses=1"
src/main/java/io/moderne/devcenter/internal/ProtoLineCounter.java,io.moderne.devcenter.internal.ProtoLineCounter,visitRpcInOut,FEATURE_ENVY,LOW,"foreign accesses=9, own accesses=2"
src/main/java/io/moderne/devcenter/internal/ProtoLineCounter.java,io.moderne.devcenter.internal.ProtoLineCounter,visitService,FEATURE_ENVY,LOW,"foreign accesses=5, own accesses=1"
src/main/java/io/moderne/devcenter/internal/ProtoLineCounter.java,io.moderne.devcenter.internal.ProtoLineCounter,visitSpace,FEATURE_ENVY,MEDIUM,"foreign accesses=10, own accesses=0"
src/main/java/io/moderne/devcenter/internal/ProtoLineCounter.java,io.moderne.devcenter.internal.ProtoLineCounter,visitSyntax,FEATURE_ENVY,MEDIUM,"foreign accesses=12, own accesses=2"
src/main/java/io/moderne/devcenter/internal/ResolvedDependencyVersions.java,io.moderne.devcenter.internal.ResolvedDependencyVersions,addVersionsPerRoot,FEATURE_ENVY,LOW,"foreign accesses=5, own accesses=0"
src/main/java/io/moderne/devcenter/internal/ResolvedDependencyVersions.java,io.moderne.devcenter.internal.ResolvedDependencyVersions,collectVersions,FEATURE_ENVY,MEDIUM,"foreign accesses=12, own accesses=1"
src/main/java/io/moderne/devcenter/internal/ResolvedDependencyVersions.java,io.moderne.devcenter.internal.ResolvedDependencyVersions,findVersions,FEATURE_ENVY,HIGH,"foreign accesses=17, own accesses=2"
src/main/java/io/moderne/devcenter/internal/RubyLineCounter.java,io.moderne.devcenter.internal.RubyLineCounter,,GOD_CLASS,HIGH,"WMC=97, TCC=0.01, ATFD=52"
src/main/java/io/moderne/devcenter/internal/RubyLineCounter.java,io.moderne.devcenter.internal.RubyLineCounter,body,FEATURE_ENVY,LOW,"foreign accesses=5, own accesses=0"
src/main/java/io/moderne/devcenter/internal/RubyLineCounter.java,io.moderne.devcenter.internal.RubyLineCounter,endsWithNewline,FEATURE_ENVY,MEDIUM,"foreign accesses=10, own accesses=0"
src/main/java/io/moderne/devcenter/internal/RubyLineCounter.java,io.moderne.devcenter.internal.RubyLineCounter,heredocEndsWithNewline,FEATURE_ENVY,LOW,"foreign accesses=8, own accesses=3"
src/main/java/io/moderne/devcenter/internal/RubyLineCounter.java,io.moderne.devcenter.internal.RubyLineCounter,newlines,FEATURE_ENVY,LOW,"foreign accesses=8, own accesses=1"
src/main/java/io/moderne/devcenter/internal/RubyLineCounter.java,io.moderne.devcenter.internal.RubyLineCounter,printSpace,FEATURE_ENVY,LOW,"foreign accesses=9, own accesses=4"
src/main/java/io/moderne/devcenter/internal/RubyLineCounter.java,io.moderne.devcenter.internal.RubyLineCounter,visitArgumentsThenBlock,FEATURE_ENVY,LOW,"foreign accesses=9, own accesses=2"
src/main/java/io/moderne/devcenter/internal/RubyLineCounter.java,io.moderne.devcenter.internal.RubyLineCounter,visitCase,FEATURE_ENVY,MEDIUM,"foreign accesses=13, own accesses=3"
src/main/java/io/moderne/devcenter/internal/RubyLineCounter.java,io.moderne.devcenter.internal.RubyLineCounter,visitClassDeclaration,FEATURE_ENVY,MEDIUM,"foreign accesses=12, own accesses=1"
src/main/java/io/moderne/devcenter/internal/RubyLineCounter.java,io.moderne.devcenter.internal.RubyLineCounter,visitClassMethod,FEATURE_ENVY,HIGH,"foreign accesses=21, own accesses=3"
src/main/java/io/moderne/devcenter/internal/RubyLineCounter.java,io.moderne.devcenter.internal.RubyLineCounter,visitCompilationUnit,FEATURE_ENVY,HIGH,"foreign accesses=29, own accesses=6"
src/main/java/io/moderne/devcenter/internal/RubyLineCounter.java,io.moderne.devcenter.internal.RubyLineCounter,visitComplexString,FEATURE_ENVY,LOW,"foreign accesses=7, own accesses=2"
src/main/java/io/moderne/devcenter/internal/RubyLineCounter.java,io.moderne.devcenter.internal.RubyLineCounter,visitHeredoc,FEATURE_ENVY,MEDIUM,"foreign accesses=14, own accesses=5"
src/main/java/io/moderne/devcenter/internal/RubyLineCounter.java,io.moderne.devcenter.internal.RubyLineCounter,visitLambda,FEATURE_ENVY,HIGH,"foreign accesses=25, own accesses=4"
src/main/java/io/moderne/devcenter/internal/RubyLineCounter.java,io.moderne.devcenter.internal.RubyLineCounter,visitMethodDeclaration,FEATURE_ENVY,HIGH,"foreign accesses=15, own accesses=2"
src/main/java/io/moderne/devcenter/internal/RubyLineCounter.java,io.moderne.devcenter.internal.RubyLineCounter,visitMethodInvocation,FEATURE_ENVY,MEDIUM,"foreign accesses=12, own accesses=2"
src/main/java/io/moderne/devcenter/internal/RubyLineCounter.java,io.moderne.devcenter.internal.RubyLineCounter,visitNewClass,FEATURE_ENVY,MEDIUM,"foreign accesses=11, own accesses=4"
src/main/java/io/moderne/devcenter/internal/RubyLineCounter.java,io.moderne.devcenter.internal.RubyLineCounter,visitRescue,FEATURE_ENVY,CRITICAL,"foreign accesses=49, own accesses=7"
src/main/java/io/moderne/devcenter/internal/RubyLineCounter.java,io.moderne.devcenter.internal.RubyLineCounter,visitSwitch,FEATURE_ENVY,MEDIUM,"foreign accesses=13, own accesses=2"
src/main/java/io/moderne/devcenter/internal/RubyLineCounter.java,io.moderne.devcenter.internal.RubyLineCounter,visitUnary,FEATURE_ENVY,MEDIUM,"foreign accesses=14, own accesses=2"
src/main/java/io/moderne/devcenter/internal/ScalaLineCounter.java,io.moderne.devcenter.internal.ScalaLineCounter,,GOD_CLASS,CRITICAL,"WMC=220, TCC=0.00, ATFD=110"
src/main/java/io/moderne/devcenter/internal/ScalaLineCounter.java,io.moderne.devcenter.internal.ScalaLineCounter,container,FEATURE_ENVY,LOW,"foreign accesses=8, own accesses=2"
src/main/java/io/moderne/devcenter/internal/ScalaLineCounter.java,io.moderne.devcenter.internal.ScalaLineCounter,count,FEATURE_ENVY,MEDIUM,"foreign accesses=12, own accesses=1"
src/main/java/io/moderne/devcenter/internal/ScalaLineCounter.java,io.moderne.devcenter.internal.ScalaLineCounter,curriedParameters,FEATURE_ENVY,MEDIUM,"foreign accesses=13, own accesses=6"
src/main/java/io/moderne/devcenter/internal/ScalaLineCounter.java,io.moderne.devcenter.internal.ScalaLineCounter,endsWithNewline,FEATURE_ENVY,LOW,"foreign accesses=6, own accesses=0"
src/main/java/io/moderne/devcenter/internal/ScalaLineCounter.java,io.moderne.devcenter.internal.ScalaLineCounter,extraConstructorParamLists,FEATURE_ENVY,LOW,"foreign accesses=7, own accesses=0"
src/main/java/io/moderne/devcenter/internal/ScalaLineCounter.java,io.moderne.devcenter.internal.ScalaLineCounter,isSyntheticPredefChain,FEATURE_ENVY,LOW,"foreign accesses=7, own accesses=0"
src/main/java/io/moderne/devcenter/internal/ScalaLineCounter.java,io.moderne.devcenter.internal.ScalaLineCounter,listElementSuffix,FEATURE_ENVY,LOW,"foreign accesses=7, own accesses=2"
src/main/java/io/moderne/devcenter/internal/ScalaLineCounter.java,io.moderne.devcenter.internal.ScalaLineCounter,parameterNameTypeAndDefault,FEATURE_ENVY,HIGH,"foreign accesses=20, own accesses=2"
src/main/java/io/moderne/devcenter/internal/ScalaLineCounter.java,io.moderne.devcenter.internal.ScalaLineCounter,variable,FEATURE_ENVY,MEDIUM,"foreign accesses=14, own accesses=3"
src/main/java/io/moderne/devcenter/internal/ScalaLineCounter.java,io.moderne.devcenter.internal.ScalaLineCounter,visitAnonymousGiven,FEATURE_ENVY,LOW,"foreign accesses=8, own accesses=1"
src/main/java/io/moderne/devcenter/internal/ScalaLineCounter.java,io.moderne.devcenter.internal.ScalaLineCounter,visitBlock,FEATURE_ENVY,HIGH,"foreign accesses=18, own accesses=4"
src/main/java/io/moderne/devcenter/internal/ScalaLineCounter.java,io.moderne.devcenter.internal.ScalaLineCounter,visitCase,FEATURE_ENVY,HIGH,"foreign accesses=24, own accesses=3"
src/main/java/io/moderne/devcenter/internal/ScalaLineCounter.java,io.moderne.devcenter.internal.ScalaLineCounter,visitClassDeclaration,FEATURE_ENVY,CRITICAL,"foreign accesses=82, own accesses=13"
src/main/java/io/moderne/devcenter/internal/ScalaLineCounter.java,io.moderne.devcenter.internal.ScalaLineCounter,visitExport,FEATURE_ENVY,MEDIUM,"foreign accesses=12, own accesses=2"
src/main/java/io/moderne/devcenter/internal/ScalaLineCounter.java,io.moderne.devcenter.internal.ScalaLineCounter,visitExtensionMethods,FEATURE_ENVY,MEDIUM,"foreign accesses=12, own accesses=2"
src/main/java/io/moderne/devcenter/internal/ScalaLineCounter.java,io.moderne.devcenter.internal.ScalaLineCounter,visitFieldAccess,FEATURE_ENVY,HIGH,"foreign accesses=15, own accesses=4"
src/main/java/io/moderne/devcenter/internal/ScalaLineCounter.java,io.moderne.devcenter.internal.ScalaLineCounter,visitForEachLoop,FEATURE_ENVY,HIGH,"foreign accesses=27, own accesses=7"
src/main/java/io/moderne/devcenter/internal/ScalaLineCounter.java,io.moderne.devcenter.internal.ScalaLineCounter,visitFunctionCall,FEATURE_ENVY,HIGH,"foreign accesses=16, own accesses=4"
src/main/java/io/moderne/devcenter/internal/ScalaLineCounter.java,io.moderne.devcenter.internal.ScalaLineCounter,visitIf,FEATURE_ENVY,HIGH,"foreign accesses=15, own accesses=4"
src/main/java/io/moderne/devcenter/internal/ScalaLineCounter.java,io.moderne.devcenter.internal.ScalaLineCounter,visitImport,FEATURE_ENVY,MEDIUM,"foreign accesses=10, own accesses=1"
src/main/java/io/moderne/devcenter/internal/ScalaLineCounter.java,io.moderne.devcenter.internal.ScalaLineCounter,visitImportSelector,FEATURE_ENVY,MEDIUM,"foreign accesses=10, own accesses=2"
src/main/java/io/moderne/devcenter/internal/ScalaLineCounter.java,io.moderne.devcenter.internal.ScalaLineCounter,visitInstanceOf,FEATURE_ENVY,LOW,"foreign accesses=5, own accesses=2"
src/main/java/io/moderne/devcenter/internal/ScalaLineCounter.java,io.moderne.devcenter.internal.ScalaLineCounter,visitLambda,FEATURE_ENVY,CRITICAL,"foreign accesses=31, own accesses=6"
src/main/java/io/moderne/devcenter/internal/ScalaLineCounter.java,io.moderne.devcenter.internal.ScalaLineCounter,visitMemberReference,FEATURE_ENVY,LOW,"foreign accesses=7, own accesses=2"
src/main/java/io/moderne/devcenter/internal/ScalaLineCounter.java,io.moderne.devcenter.internal.ScalaLineCounter,visitMethodDeclaration,FEATURE_ENVY,CRITICAL,"foreign accesses=109, own accesses=10"
src/main/java/io/moderne/devcenter/internal/ScalaLineCounter.java,io.moderne.devcenter.internal.ScalaLineCounter,visitMethodInvocation,FEATURE_ENVY,CRITICAL,"foreign accesses=67, own accesses=21"
src/main/java/io/moderne/devcenter/internal/ScalaLineCounter.java,io.moderne.devcenter.internal.ScalaLineCounter,visitModifier,FEATURE_ENVY,HIGH,"foreign accesses=15, own accesses=1"
src/main/java/io/moderne/devcenter/internal/ScalaLineCounter.java,io.moderne.devcenter.internal.ScalaLineCounter,visitNewArray,FEATURE_ENVY,LOW,"foreign accesses=5, own accesses=2"
src/main/java/io/moderne/devcenter/internal/ScalaLineCounter.java,io.moderne.devcenter.internal.ScalaLineCounter,visitNewClass,FEATURE_ENVY,CRITICAL,"foreign accesses=31, own accesses=9"
src/main/java/io/moderne/devcenter/internal/ScalaLineCounter.java,io.moderne.devcenter.internal.ScalaLineCounter,visitParameterizedType,FEATURE_ENVY,HIGH,"foreign accesses=22, own accesses=4"
src/main/java/io/moderne/devcenter/internal/ScalaLineCounter.java,io.moderne.devcenter.internal.ScalaLineCounter,visitReturn,FEATURE_ENVY,LOW,"foreign accesses=9, own accesses=2"
src/main/java/io/moderne/devcenter/internal/ScalaLineCounter.java,io.moderne.devcenter.internal.ScalaLineCounter,visitRightPadded,FEATURE_ENVY,LOW,"foreign accesses=7, own accesses=2"
src/main/java/io/moderne/devcenter/internal/ScalaLineCounter.java,io.moderne.devcenter.internal.ScalaLineCounter,visitSTry,FEATURE_ENVY,MEDIUM,"foreign accesses=13, own accesses=6"
src/main/java/io/moderne/devcenter/internal/ScalaLineCounter.java,io.moderne.devcenter.internal.ScalaLineCounter,visitSwitch,FEATURE_ENVY,MEDIUM,"foreign accesses=14, own accesses=5"
src/main/java/io/moderne/devcenter/internal/ScalaLineCounter.java,io.moderne.devcenter.internal.ScalaLineCounter,visitTry,FEATURE_ENVY,CRITICAL,"foreign accesses=34, own accesses=7"
src/main/java/io/moderne/devcenter/internal/ScalaLineCounter.java,io.moderne.devcenter.internal.ScalaLineCounter,visitTypeAscription,FEATURE_ENVY,LOW,"foreign accesses=7, own accesses=2"
src/main/java/io/moderne/devcenter/internal/ScalaLineCounter.java,io.moderne.devcenter.internal.ScalaLineCounter,visitTypeCast,FEATURE_ENVY,MEDIUM,"foreign accesses=14, own accesses=4"
src/main/java/io/moderne/devcenter/internal/ScalaLineCounter.java,io.moderne.devcenter.internal.ScalaLineCounter,visitTypeParameter,FEATURE_ENVY,MEDIUM,"foreign accesses=12, own accesses=4"
src/main/java/io/moderne/devcenter/internal/ScalaLineCounter.java,io.moderne.devcenter.internal.ScalaLineCounter,visitVariable,FEATURE_ENVY,LOW,"foreign accesses=5, own accesses=2"
src/main/java/io/moderne/devcenter/internal/ScalaLineCounter.java,io.moderne.devcenter.internal.ScalaLineCounter,visitVariableDeclarations,FEATURE_ENVY,HIGH,"foreign accesses=28, own accesses=5"
src/main/java/io/moderne/devcenter/internal/ScalaLineCounter.java,io.moderne.devcenter.internal.ScalaLineCounter,visitWhileLoop,FEATURE_ENVY,MEDIUM,"foreign accesses=13, own accesses=4"
src/main/java/io/moderne/devcenter/internal/TomlLineCounter.java,io.moderne.devcenter.internal.TomlLineCounter,space,FEATURE_ENVY,LOW,"foreign accesses=8, own accesses=0"
src/main/java/io/moderne/devcenter/internal/TomlLineCounter.java,io.moderne.devcenter.internal.TomlLineCounter,toml,FEATURE_ENVY,HIGH,"foreign accesses=27, own accesses=7"
src/main/java/io/moderne/devcenter/internal/XmlLineCounter.java,io.moderne.devcenter.internal.XmlLineCounter,attributes,FEATURE_ENVY,HIGH,"foreign accesses=16, own accesses=0"
src/main/java/io/moderne/devcenter/internal/XmlLineCounter.java,io.moderne.devcenter.internal.XmlLineCounter,charData,FEATURE_ENVY,MEDIUM,"foreign accesses=11, own accesses=0"
src/main/java/io/moderne/devcenter/internal/XmlLineCounter.java,io.moderne.devcenter.internal.XmlLineCounter,docTypeDecl,FEATURE_ENVY,HIGH,"foreign accesses=23, own accesses=4"
src/main/java/io/moderne/devcenter/internal/XmlLineCounter.java,io.moderne.devcenter.internal.XmlLineCounter,document,FEATURE_ENVY,LOW,"foreign accesses=9, own accesses=2"
src/main/java/io/moderne/devcenter/internal/XmlLineCounter.java,io.moderne.devcenter.internal.XmlLineCounter,node,FEATURE_ENVY,CRITICAL,"foreign accesses=40, own accesses=10"
src/main/java/io/moderne/devcenter/internal/XmlLineCounter.java,io.moderne.devcenter.internal.XmlLineCounter,prolog,FEATURE_ENVY,MEDIUM,"foreign accesses=13, own accesses=3"
src/main/java/io/moderne/devcenter/internal/XmlLineCounter.java,io.moderne.devcenter.internal.XmlLineCounter,tag,FEATURE_ENVY,HIGH,"foreign accesses=22, own accesses=2"
src/main/java/io/moderne/devcenter/internal/YamlLineCounter.java,io.moderne.devcenter.internal.YamlLineCounter,anchor,FEATURE_ENVY,LOW,"foreign accesses=7, own accesses=0"
src/main/java/io/moderne/devcenter/internal/YamlLineCounter.java,io.moderne.devcenter.internal.YamlLineCounter,block,FEATURE_ENVY,CRITICAL,"foreign accesses=53, own accesses=14"
src/main/java/io/moderne/devcenter/internal/YamlLineCounter.java,io.moderne.devcenter.internal.YamlLineCounter,document,FEATURE_ENVY,HIGH,"foreign accesses=18, own accesses=1"
src/main/java/io/moderne/devcenter/internal/YamlLineCounter.java,io.moderne.devcenter.internal.YamlLineCounter,tag,FEATURE_ENVY,LOW,"foreign accesses=8, own accesses=0"
src/main/java/io/moderne/devcenter/result/DevCenterResultReducer.java,io.moderne.devcenter.result.DevCenterResultReducer,reduce,FEATURE_ENVY,CRITICAL,"foreign accesses=33, own accesses=4"
src/main/java/io/moderne/devcenter/result/DevCenterResultReducer.java,io.moderne.devcenter.result.DevCenterResultReducer,repositoryMap,FEATURE_ENVY,LOW,"foreign accesses=5, own accesses=1"
src/main/java/io/moderne/devcenter/result/SecurityIssuesReader.java,io.moderne.devcenter.result.SecurityIssuesReader,read,FEATURE_ENVY,CRITICAL,"foreign accesses=36, own accesses=2"
src/main/java/io/moderne/devcenter/result/UpgradesAndMigrationsReader.java,io.moderne.devcenter.result.UpgradesAndMigrationsReader,read,FEATURE_ENVY,CRITICAL,"foreign accesses=38, own accesses=2"
src/main/java/io/moderne/devcenter/table/UpgradesAndMigrations.java,io.moderne.devcenter.table.UpgradesAndMigrations,bestOrdinal,FEATURE_ENVY,LOW,"foreign accesses=5, own accesses=1"
src/main/java/io/moderne/devcenter/table/UpgradesAndMigrations.java,io.moderne.devcenter.table.UpgradesAndMigrations,bestRow,FEATURE_ENVY,MEDIUM,"foreign accesses=11, own accesses=0"
src/test/java/io/moderne/devcenter/AngularVersionUpgradeTest.java,io.moderne.devcenter.AngularVersionUpgradeTest,angularMarker,FEATURE_ENVY,MEDIUM,"foreign accesses=12, own accesses=0"
src/test/java/io/moderne/devcenter/AngularVersionUpgradeTest.java,io.moderne.devcenter.AngularVersionUpgradeTest,angularVersions,FEATURE_ENVY,CRITICAL,"foreign accesses=31, own accesses=0"
src/test/java/io/moderne/devcenter/AngularVersionUpgradeTest.java,io.moderne.devcenter.AngularVersionUpgradeTest,detectsAngularVersion,FEATURE_ENVY,MEDIUM,"foreign accesses=12, own accesses=1"
src/test/java/io/moderne/devcenter/AngularVersionUpgradeTest.java,io.moderne.devcenter.AngularVersionUpgradeTest,measuresFilterUnreachableLagBuckets,FEATURE_ENVY,LOW,"foreign accesses=8, own accesses=0"
src/test/java/io/moderne/devcenter/AngularVersionUpgradeTest.java,io.moderne.devcenter.AngularVersionUpgradeTest,skipsAngularJsLegacyPackage,FEATURE_ENVY,MEDIUM,"foreign accesses=11, own accesses=0"
src/test/java/io/moderne/devcenter/AngularVersionUpgradeTest.java,io.moderne.devcenter.AngularVersionUpgradeTest,skipsWhenNoAngularCore,FEATURE_ENVY,MEDIUM,"foreign accesses=11, own accesses=0"
src/test/java/io/moderne/devcenter/AngularVersionUpgradeTest.java,io.moderne.devcenter.AngularVersionUpgradeTest,targetAndMeasures,FEATURE_ENVY,HIGH,"foreign accesses=30, own accesses=0"
src/test/java/io/moderne/devcenter/BucketedMetricCardTest.java,io.moderne.devcenter.BucketedMetricCardTest,aggregationIsCaseInsensitive,FEATURE_ENVY,LOW,"foreign accesses=8, own accesses=2"
src/test/java/io/moderne/devcenter/BucketedMetricCardTest.java,io.moderne.devcenter.BucketedMetricCardTest,averageLandsInMedium,FEATURE_ENVY,LOW,"foreign accesses=8, own accesses=2"
src/test/java/io/moderne/devcenter/BucketedMetricCardTest.java,io.moderne.devcenter.BucketedMetricCardTest,countLandsInMedium,FEATURE_ENVY,LOW,"foreign accesses=8, own accesses=2"
src/test/java/io/moderne/devcenter/BucketedMetricCardTest.java,io.moderne.devcenter.BucketedMetricCardTest,countOnEmptyInputStillInserts,FEATURE_ENVY,LOW,"foreign accesses=8, own accesses=2"
src/test/java/io/moderne/devcenter/BucketedMetricCardTest.java,io.moderne.devcenter.BucketedMetricCardTest,maxLandsInLow,FEATURE_ENVY,LOW,"foreign accesses=8, own accesses=2"
src/test/java/io/moderne/devcenter/BucketedMetricCardTest.java,io.moderne.devcenter.BucketedMetricCardTest,measuresFollowListOrder,FEATURE_ENVY,LOW,"foreign accesses=9, own accesses=1"
src/test/java/io/moderne/devcenter/BucketedMetricCardTest.java,io.moderne.devcenter.BucketedMetricCardTest,minLandsInHigh,FEATURE_ENVY,LOW,"foreign accesses=8, own accesses=2"
src/test/java/io/moderne/devcenter/BucketedMetricCardTest.java,io.moderne.devcenter.BucketedMetricCardTest,noRowsWhenAverageHasNoInput,FEATURE_ENVY,LOW,"foreign accesses=7, own accesses=2"
src/test/java/io/moderne/devcenter/BucketedMetricCardTest.java,io.moderne.devcenter.BucketedMetricCardTest,sumLandsInLow,FEATURE_ENVY,LOW,"foreign accesses=8, own accesses=2"
src/test/java/io/moderne/devcenter/BucketedMetricCardTest.java,io.moderne.devcenter.BucketedMetricCardTest,uniqueCountsDistinctValues,FEATURE_ENVY,LOW,"foreign accesses=8, own accesses=2"
src/test/java/io/moderne/devcenter/BuildToolCardTest.java,io.moderne.devcenter.BuildToolCardTest,detectsCompleted,FEATURE_ENVY,HIGH,"foreign accesses=18, own accesses=0"
src/test/java/io/moderne/devcenter/BuildToolCardTest.java,io.moderne.devcenter.BuildToolCardTest,detectsMajorVersionBehind,FEATURE_ENVY,HIGH,"foreign accesses=18, own accesses=0"
src/test/java/io/moderne/devcenter/BuildToolCardTest.java,io.moderne.devcenter.BuildToolCardTest,detectsMinorVersionBehind,FEATURE_ENVY,HIGH,"foreign accesses=18, own accesses=0"
src/test/java/io/moderne/devcenter/BuildToolCardTest.java,io.moderne.devcenter.BuildToolCardTest,detectsPatchVersionBehind,FEATURE_ENVY,HIGH,"foreign accesses=18, own accesses=0"
src/test/java/io/moderne/devcenter/BuildToolCardTest.java,io.moderne.devcenter.BuildToolCardTest,filtersByBuildToolCaseInsensitive,FEATURE_ENVY,HIGH,"foreign accesses=18, own accesses=0"
src/test/java/io/moderne/devcenter/CSharpVersionUpgradeTest.java,io.moderne.devcenter.CSharpVersionUpgradeTest,detectsDotNetVersion,FEATURE_ENVY,MEDIUM,"foreign accesses=11, own accesses=1"
src/test/java/io/moderne/devcenter/CSharpVersionUpgradeTest.java,io.moderne.devcenter.CSharpVersionUpgradeTest,dotnetVersions,FEATURE_ENVY,HIGH,"foreign accesses=19, own accesses=0"
src/test/java/io/moderne/devcenter/CSharpVersionUpgradeTest.java,io.moderne.devcenter.CSharpVersionUpgradeTest,measuresShouldNotIncludeTargetVersionOrAbove,FEATURE_ENVY,LOW,"foreign accesses=8, own accesses=0"
src/test/java/io/moderne/devcenter/CSharpVersionUpgradeTest.java,io.moderne.devcenter.CSharpVersionUpgradeTest,msBuildMarker,FEATURE_ENVY,MEDIUM,"foreign accesses=11, own accesses=0"
src/test/java/io/moderne/devcenter/CSharpVersionUpgradeTest.java,io.moderne.devcenter.CSharpVersionUpgradeTest,skipsWhenNoTargetFrameworks,FEATURE_ENVY,LOW,"foreign accesses=8, own accesses=0"
src/test/java/io/moderne/devcenter/CSharpVersionUpgradeTest.java,io.moderne.devcenter.CSharpVersionUpgradeTest,usesLowestVersionWhenMultiTargeting,FEATURE_ENVY,MEDIUM,"foreign accesses=13, own accesses=1"
src/test/java/io/moderne/devcenter/CSharpVersionUpgradeTest.java,io.moderne.devcenter.CSharpVersionUpgradeTest,versionAndMeasures,FEATURE_ENVY,CRITICAL,"foreign accesses=40, own accesses=0"
src/test/java/io/moderne/devcenter/DependencyVulnerabilityCheckLeakTest.java,io.moderne.devcenter.DependencyVulnerabilityCheckLeakTest,accumulatorDoesNotLeakOntoRootCursorPerSourceFile,FEATURE_ENVY,HIGH,"foreign accesses=16, own accesses=1"
src/test/java/io/moderne/devcenter/DependencyVulnerabilityCheckLeakTest.java,io.moderne.devcenter.DependencyVulnerabilityCheckLeakTest,parsePoms,FEATURE_ENVY,LOW,"foreign accesses=9, own accesses=0"
src/test/java/io/moderne/devcenter/DependencyVulnerabilityCheckTest.java,io.moderne.devcenter.DependencyVulnerabilityCheckTest,detectsRiscScore,FEATURE_ENVY,MEDIUM,"foreign accesses=10, own accesses=0"
src/test/java/io/moderne/devcenter/DependencyVulnerabilityCheckTest.java,io.moderne.devcenter.DependencyVulnerabilityCheckTest,detectsVulnerabilities,FEATURE_ENVY,MEDIUM,"foreign accesses=10, own accesses=0"
src/test/java/io/moderne/devcenter/DependencyVulnerabilityCheckTest.java,io.moderne.devcenter.DependencyVulnerabilityCheckTest,detectsVulnerabilitySeverities,FEATURE_ENVY,MEDIUM,"foreign accesses=10, own accesses=0"
src/test/java/io/moderne/devcenter/DevCenterTest.java,io.moderne.devcenter.DevCenterTest,devcenterWithMultipleLibraryUpgradeRecipesHasCorrectData,FEATURE_ENVY,MEDIUM,"foreign accesses=12, own accesses=0"
src/test/java/io/moderne/devcenter/DevCenterTest.java,io.moderne.devcenter.DevCenterTest,findCsv,FEATURE_ENVY,LOW,"foreign accesses=7, own accesses=0"
src/test/java/io/moderne/devcenter/DevCenterTest.java,io.moderne.devcenter.DevCenterTest,getSpecMatchesStarterDevCenter,FEATURE_ENVY,CRITICAL,"foreign accesses=43, own accesses=2"
src/test/java/io/moderne/devcenter/DevCenterTest.java,io.moderne.devcenter.DevCenterTest,getSpecOmitsSecurityWhenAbsent,FEATURE_ENVY,HIGH,"foreign accesses=22, own accesses=0"
src/test/java/io/moderne/devcenter/DevCenterTest.java,io.moderne.devcenter.DevCenterTest,isDevCenter,FEATURE_ENVY,HIGH,"foreign accesses=21, own accesses=3"
src/test/java/io/moderne/devcenter/DevCenterTest.java,io.moderne.devcenter.DevCenterTest,libraryUpgradeUnderCsvDataTableStore,FEATURE_ENVY,HIGH,"foreign accesses=23, own accesses=2"
src/test/java/io/moderne/devcenter/DevCenterTest.java,io.moderne.devcenter.DevCenterTest,loadClass,FEATURE_ENVY,MEDIUM,"foreign accesses=12, own accesses=0"
src/test/java/io/moderne/devcenter/DevCenterTest.java,io.moderne.devcenter.DevCenterTest,noCards,FEATURE_ENVY,LOW,"foreign accesses=7, own accesses=0"
src/test/java/io/moderne/devcenter/DevCenterTest.java,io.moderne.devcenter.DevCenterTest,readCsvRows,FEATURE_ENVY,LOW,"foreign accesses=8, own accesses=0"
src/test/java/io/moderne/devcenter/DevCenterTest.java,io.moderne.devcenter.DevCenterTest,recipesFromIsolatedClassLoader,FEATURE_ENVY,LOW,"foreign accesses=8, own accesses=0"
src/test/java/io/moderne/devcenter/DevCenterTest.java,io.moderne.devcenter.DevCenterTest,twoUpgradeCardsFromOneRepository,FEATURE_ENVY,HIGH,"foreign accesses=15, own accesses=1"
src/test/java/io/moderne/devcenter/DevCenterTest.java,io.moderne.devcenter.DevCenterTest,uniqueCardNames,FEATURE_ENVY,MEDIUM,"foreign accesses=13, own accesses=0"
src/test/java/io/moderne/devcenter/DevCenterTest.java,io.moderne.devcenter.DevCenterTest,upgradeDoesntRequireFix,FEATURE_ENVY,LOW,"foreign accesses=9, own accesses=0"
src/test/java/io/moderne/devcenter/DevCenterTest.java,io.moderne.devcenter.DevCenterTest,valid,FEATURE_ENVY,HIGH,"foreign accesses=20, own accesses=2"
src/test/java/io/moderne/devcenter/FindActiveCommittersTest.java,io.moderne.devcenter.FindActiveCommittersTest,committerRows,FEATURE_ENVY,MEDIUM,"foreign accesses=12, own accesses=0"
src/test/java/io/moderne/devcenter/FindActiveCommittersTest.java,io.moderne.devcenter.FindActiveCommittersTest,committersWithoutPerDayDetailAreKept,FEATURE_ENVY,LOW,"foreign accesses=8, own accesses=1"
src/test/java/io/moderne/devcenter/FindOrganizationStatisticsTest.java,io.moderne.devcenter.FindOrganizationStatisticsTest,countsEveryTypeWithoutMarkingIt,FEATURE_ENVY,MEDIUM,"foreign accesses=13, own accesses=0"
src/test/java/io/moderne/devcenter/FindOrganizationStatisticsTest.java,io.moderne.devcenter.FindOrganizationStatisticsTest,countsGoSumWithoutStartingGoEngine,FEATURE_ENVY,HIGH,"foreign accesses=23, own accesses=2"
src/test/java/io/moderne/devcenter/FindOrganizationStatisticsTest.java,io.moderne.devcenter.FindOrganizationStatisticsTest,directive,FEATURE_ENVY,LOW,"foreign accesses=5, own accesses=0"
src/test/java/io/moderne/devcenter/FindOrganizationStatisticsTest.java,io.moderne.devcenter.FindOrganizationStatisticsTest,filesWithoutSourceTextAreNeitherCountedNorWarned,FEATURE_ENVY,HIGH,"foreign accesses=22, own accesses=0"
src/test/java/io/moderne/devcenter/FindOrganizationStatisticsTest.java,io.moderne.devcenter.FindOrganizationStatisticsTest,lineCount,FEATURE_ENVY,LOW,"foreign accesses=9, own accesses=0"
src/test/java/io/moderne/devcenter/FindOrganizationStatisticsTest.java,io.moderne.devcenter.FindOrganizationStatisticsTest,unknownTypeIsWarnedOnceAndNotCounted,FEATURE_ENVY,CRITICAL,"foreign accesses=35, own accesses=0"
src/test/java/io/moderne/devcenter/GoVersionUpgradeTest.java,io.moderne.devcenter.GoVersionUpgradeTest,detectsGoVersion,FEATURE_ENVY,MEDIUM,"foreign accesses=11, own accesses=1"
src/test/java/io/moderne/devcenter/GoVersionUpgradeTest.java,io.moderne.devcenter.GoVersionUpgradeTest,goMarker,FEATURE_ENVY,MEDIUM,"foreign accesses=10, own accesses=0"
src/test/java/io/moderne/devcenter/GoVersionUpgradeTest.java,io.moderne.devcenter.GoVersionUpgradeTest,goVersions,FEATURE_ENVY,HIGH,"foreign accesses=19, own accesses=0"
src/test/java/io/moderne/devcenter/GoVersionUpgradeTest.java,io.moderne.devcenter.GoVersionUpgradeTest,measuresShouldNotIncludeTargetVersionOrAbove,FEATURE_ENVY,LOW,"foreign accesses=8, own accesses=0"
src/test/java/io/moderne/devcenter/GoVersionUpgradeTest.java,io.moderne.devcenter.GoVersionUpgradeTest,versionAndMeasures,FEATURE_ENVY,HIGH,"foreign accesses=23, own accesses=0"
src/test/java/io/moderne/devcenter/GroovyVersionUpgradeTest.java,io.moderne.devcenter.GroovyVersionUpgradeTest,detectsGroovyVersion,FEATURE_ENVY,MEDIUM,"foreign accesses=11, own accesses=0"
src/test/java/io/moderne/devcenter/GroovyVersionUpgradeTest.java,io.moderne.devcenter.GroovyVersionUpgradeTest,groovyVersions,FEATURE_ENVY,MEDIUM,"foreign accesses=13, own accesses=0"
src/test/java/io/moderne/devcenter/GroovyVersionUpgradeTest.java,io.moderne.devcenter.GroovyVersionUpgradeTest,versionAndMeasures,FEATURE_ENVY,HIGH,"foreign accesses=23, own accesses=0"
src/test/java/io/moderne/devcenter/JUnitJupiterUpgradeTest.java,io.moderne.devcenter.JUnitJupiterUpgradeTest,assertUpgradeStatus,FEATURE_ENVY,LOW,"foreign accesses=7, own accesses=0"
src/test/java/io/moderne/devcenter/JUnitJupiterUpgradeTest.java,io.moderne.devcenter.JUnitJupiterUpgradeTest,metaAnnotatedJupiterTest,FEATURE_ENVY,LOW,"foreign accesses=8, own accesses=1"
src/test/java/io/moderne/devcenter/JUnitJupiterUpgradeTest.java,io.moderne.devcenter.JUnitJupiterUpgradeTest,noTests,FEATURE_ENVY,MEDIUM,"foreign accesses=10, own accesses=0"
src/test/java/io/moderne/devcenter/JUnitJupiterUpgradeTest.java,io.moderne.devcenter.JUnitJupiterUpgradeTest,scansSourceSetClasspathOncePerRun,FEATURE_ENVY,MEDIUM,"foreign accesses=10, own accesses=4"
src/test/java/io/moderne/devcenter/JavaVersionUpgradeTest.java,io.moderne.devcenter.JavaVersionUpgradeTest,java8,FEATURE_ENVY,MEDIUM,"foreign accesses=12, own accesses=0"
src/test/java/io/moderne/devcenter/JavaVersionUpgradeTest.java,io.moderne.devcenter.JavaVersionUpgradeTest,javaVersions,FEATURE_ENVY,LOW,"foreign accesses=9, own accesses=0"
src/test/java/io/moderne/devcenter/JavaVersionUpgradeTest.java,io.moderne.devcenter.JavaVersionUpgradeTest,measuresShouldNotIncludeTargetVersionOrAbove,FEATURE_ENVY,LOW,"foreign accesses=8, own accesses=0"
src/test/java/io/moderne/devcenter/JavaVersionUpgradeTest.java,io.moderne.devcenter.JavaVersionUpgradeTest,multiModuleBestVersionFirst,FEATURE_ENVY,HIGH,"foreign accesses=15, own accesses=0"
src/test/java/io/moderne/devcenter/JavaVersionUpgradeTest.java,io.moderne.devcenter.JavaVersionUpgradeTest,multiModuleWorstVersionFirst,FEATURE_ENVY,HIGH,"foreign accesses=15, own accesses=0"
src/test/java/io/moderne/devcenter/JavaVersionUpgradeTest.java,io.moderne.devcenter.JavaVersionUpgradeTest,versionAndMeasures,FEATURE_ENVY,CRITICAL,"foreign accesses=32, own accesses=0"
src/test/java/io/moderne/devcenter/KotlinVersionUpgradeTest.java,io.moderne.devcenter.KotlinVersionUpgradeTest,detectsKotlinVersion,FEATURE_ENVY,MEDIUM,"foreign accesses=11, own accesses=0"
src/test/java/io/moderne/devcenter/KotlinVersionUpgradeTest.java,io.moderne.devcenter.KotlinVersionUpgradeTest,kotlinVersions,FEATURE_ENVY,HIGH,"foreign accesses=19, own accesses=0"
src/test/java/io/moderne/devcenter/KotlinVersionUpgradeTest.java,io.moderne.devcenter.KotlinVersionUpgradeTest,versionAndMeasures,FEATURE_ENVY,HIGH,"foreign accesses=26, own accesses=0"
src/test/java/io/moderne/devcenter/LibraryUpgradeTest.java,io.moderne.devcenter.LibraryUpgradeTest,dependency,FEATURE_ENVY,LOW,"foreign accesses=9, own accesses=0"
src/test/java/io/moderne/devcenter/LibraryUpgradeTest.java,io.moderne.devcenter.LibraryUpgradeTest,jacksonVersions,FEATURE_ENVY,MEDIUM,"foreign accesses=11, own accesses=0"
src/test/java/io/moderne/devcenter/LibraryUpgradeTest.java,io.moderne.devcenter.LibraryUpgradeTest,lowestVersionOfTheBestMeasure,FEATURE_ENVY,HIGH,"foreign accesses=15, own accesses=6"
src/test/java/io/moderne/devcenter/LibraryUpgradeTest.java,io.moderne.devcenter.LibraryUpgradeTest,minorUpgrade,FEATURE_ENVY,MEDIUM,"foreign accesses=11, own accesses=0"
src/test/java/io/moderne/devcenter/LibraryUpgradeTest.java,io.moderne.devcenter.LibraryUpgradeTest,project,FEATURE_ENVY,MEDIUM,"foreign accesses=13, own accesses=0"
src/test/java/io/moderne/devcenter/NodeVersionUpgradeTest.java,io.moderne.devcenter.NodeVersionUpgradeTest,detectsNodeVersion,FEATURE_ENVY,MEDIUM,"foreign accesses=12, own accesses=1"
src/test/java/io/moderne/devcenter/NodeVersionUpgradeTest.java,io.moderne.devcenter.NodeVersionUpgradeTest,measuresShouldNotIncludeTargetVersionOrAbove,FEATURE_ENVY,LOW,"foreign accesses=8, own accesses=0"
src/test/java/io/moderne/devcenter/NodeVersionUpgradeTest.java,io.moderne.devcenter.NodeVersionUpgradeTest,nodeMarker,FEATURE_ENVY,LOW,"foreign accesses=8, own accesses=0"
src/test/java/io/moderne/devcenter/NodeVersionUpgradeTest.java,io.moderne.devcenter.NodeVersionUpgradeTest,nodeVersions,FEATURE_ENVY,HIGH,"foreign accesses=19, own accesses=0"
src/test/java/io/moderne/devcenter/NodeVersionUpgradeTest.java,io.moderne.devcenter.NodeVersionUpgradeTest,skipsWhenNoEngines,FEATURE_ENVY,MEDIUM,"foreign accesses=11, own accesses=0"
src/test/java/io/moderne/devcenter/NodeVersionUpgradeTest.java,io.moderne.devcenter.NodeVersionUpgradeTest,skipsWhenNoNodeEngine,FEATURE_ENVY,MEDIUM,"foreign accesses=12, own accesses=0"
src/test/java/io/moderne/devcenter/NodeVersionUpgradeTest.java,io.moderne.devcenter.NodeVersionUpgradeTest,versionAndMeasures,FEATURE_ENVY,CRITICAL,"foreign accesses=34, own accesses=0"
src/test/java/io/moderne/devcenter/ParentPomUpgradeTest.java,io.moderne.devcenter.ParentPomUpgradeTest,minorUpgrade,FEATURE_ENVY,MEDIUM,"foreign accesses=11, own accesses=0"
src/test/java/io/moderne/devcenter/ParentPomUpgradeTest.java,io.moderne.devcenter.ParentPomUpgradeTest,springBootParentVersions,FEATURE_ENVY,MEDIUM,"foreign accesses=11, own accesses=0"
src/test/java/io/moderne/devcenter/PythonVersionUpgradeTest.java,io.moderne.devcenter.PythonVersionUpgradeTest,detectsPythonVersion,FEATURE_ENVY,MEDIUM,"foreign accesses=11, own accesses=1"
src/test/java/io/moderne/devcenter/PythonVersionUpgradeTest.java,io.moderne.devcenter.PythonVersionUpgradeTest,measuresShouldNotIncludeTargetVersionOrAbove,FEATURE_ENVY,LOW,"foreign accesses=8, own accesses=0"
src/test/java/io/moderne/devcenter/PythonVersionUpgradeTest.java,io.moderne.devcenter.PythonVersionUpgradeTest,pythonMarker,FEATURE_ENVY,LOW,"foreign accesses=8, own accesses=0"
src/test/java/io/moderne/devcenter/PythonVersionUpgradeTest.java,io.moderne.devcenter.PythonVersionUpgradeTest,pythonVersions,FEATURE_ENVY,HIGH,"foreign accesses=23, own accesses=0"
src/test/java/io/moderne/devcenter/PythonVersionUpgradeTest.java,io.moderne.devcenter.PythonVersionUpgradeTest,skipsWhenNoRequiresPython,FEATURE_ENVY,MEDIUM,"foreign accesses=12, own accesses=0"
src/test/java/io/moderne/devcenter/PythonVersionUpgradeTest.java,io.moderne.devcenter.PythonVersionUpgradeTest,versionAndMeasures,FEATURE_ENVY,CRITICAL,"foreign accesses=35, own accesses=0"
src/test/java/io/moderne/devcenter/ReportAsSecurityIssuesTest.java,io.moderne.devcenter.ReportAsSecurityIssuesTest,defaults,FEATURE_ENVY,LOW,"foreign accesses=6, own accesses=0"
src/test/java/io/moderne/devcenter/ReportAsSecurityIssuesTest.java,io.moderne.devcenter.ReportAsSecurityIssuesTest,regularExpressionDenialOfServiceIsReportedUnderA03,FEATURE_ENVY,LOW,"foreign accesses=7, own accesses=0"
src/test/java/io/moderne/devcenter/ReportAsSecurityIssuesTest.java,io.moderne.devcenter.ReportAsSecurityIssuesTest,reportSecret,FEATURE_ENVY,LOW,"foreign accesses=7, own accesses=0"
src/test/java/io/moderne/devcenter/ReportAsSecurityIssuesTest.java,io.moderne.devcenter.ReportAsSecurityIssuesTest,zipSlipIsReportedUnderA01,FEATURE_ENVY,LOW,"foreign accesses=7, own accesses=0"
src/test/java/io/moderne/devcenter/ScalaVersionUpgradeTest.java,io.moderne.devcenter.ScalaVersionUpgradeTest,detectsScalaVersion,FEATURE_ENVY,MEDIUM,"foreign accesses=11, own accesses=0"
src/test/java/io/moderne/devcenter/ScalaVersionUpgradeTest.java,io.moderne.devcenter.ScalaVersionUpgradeTest,scalaVersions,FEATURE_ENVY,MEDIUM,"foreign accesses=13, own accesses=0"
src/test/java/io/moderne/devcenter/ScalaVersionUpgradeTest.java,io.moderne.devcenter.ScalaVersionUpgradeTest,versionAndMeasures,FEATURE_ENVY,MEDIUM,"foreign accesses=14, own accesses=0"
src/test/java/io/moderne/devcenter/UpgradeMigrationCardGroupTest.java,io.moderne.devcenter.UpgradeMigrationCardGroupTest,multipleCardsShareSameDataTable,FEATURE_ENVY,CRITICAL,"foreign accesses=32, own accesses=0"
src/test/java/io/moderne/devcenter/internal/DockerLineCounterTest.java,io.moderne.devcenter.internal.DockerLineCounterTest,markersAreNotCounted,FEATURE_ENVY,MEDIUM,"foreign accesses=14, own accesses=1"
src/test/java/io/moderne/devcenter/internal/GroovyLineCounterTest.java,io.moderne.devcenter.internal.GroovyLineCounterTest,markersAreNotCounted,FEATURE_ENVY,MEDIUM,"foreign accesses=12, own accesses=1"
src/test/java/io/moderne/devcenter/internal/HclLineCounterTest.java,io.moderne.devcenter.internal.HclLineCounterTest,hclMatchesSource,FEATURE_ENVY,LOW,"foreign accesses=7, own accesses=0"
src/test/java/io/moderne/devcenter/internal/HclLineCounterTest.java,io.moderne.devcenter.internal.HclLineCounterTest,markersAreNotCounted,FEATURE_ENVY,MEDIUM,"foreign accesses=11, own accesses=0"
src/test/java/io/moderne/devcenter/internal/IsMavenProjectTest.java,io.moderne.devcenter.internal.IsMavenProjectTest,matchesTheSameSourcesAsFindMavenProject,FEATURE_ENVY,CRITICAL,"foreign accesses=36, own accesses=2"
src/test/java/io/moderne/devcenter/internal/JavaLineCounterTest.java,io.moderne.devcenter.internal.JavaLineCounterTest,compactSourceFileCountMatchesSource,FEATURE_ENVY,CRITICAL,"foreign accesses=32, own accesses=1"
src/test/java/io/moderne/devcenter/internal/JavaLineCounterTest.java,io.moderne.devcenter.internal.JavaLineCounterTest,javaMatchesSource,FEATURE_ENVY,LOW,"foreign accesses=7, own accesses=0"
src/test/java/io/moderne/devcenter/internal/JavaLineCounterTest.java,io.moderne.devcenter.internal.JavaLineCounterTest,markersAreNotCounted,FEATURE_ENVY,LOW,"foreign accesses=8, own accesses=1"
src/test/java/io/moderne/devcenter/internal/JavaLineCounterTest.java,io.moderne.devcenter.internal.JavaLineCounterTest,parse,FEATURE_ENVY,LOW,"foreign accesses=5, own accesses=0"
src/test/java/io/moderne/devcenter/internal/JavaLineCounterTest.java,io.moderne.devcenter.internal.JavaLineCounterTest,visitMethodDeclaration,FEATURE_ENVY,LOW,"foreign accesses=8, own accesses=0"
src/test/java/io/moderne/devcenter/internal/JavaLineCounterTest.java,io.moderne.devcenter.internal.JavaLineCounterTest,visitSpace,FEATURE_ENVY,LOW,"foreign accesses=7, own accesses=0"
src/test/java/io/moderne/devcenter/internal/JavaLineCounterTest.java,io.moderne.devcenter.internal.JavaLineCounterTest,visitVariable,FEATURE_ENVY,LOW,"foreign accesses=8, own accesses=0"
src/test/java/io/moderne/devcenter/internal/JsonLineCounterTest.java,io.moderne.devcenter.internal.JsonLineCounterTest,markersAreNotCounted,FEATURE_ENVY,MEDIUM,"foreign accesses=11, own accesses=1"
src/test/java/io/moderne/devcenter/internal/JsonLineCounterTest.java,io.moderne.devcenter.internal.JsonLineCounterTest,nested,FEATURE_ENVY,MEDIUM,"foreign accesses=10, own accesses=0"
src/test/java/io/moderne/devcenter/internal/KotlinLineCounterTest.java,io.moderne.devcenter.internal.KotlinLineCounterTest,deeplyNested,FEATURE_ENVY,LOW,"foreign accesses=8, own accesses=2"
src/test/java/io/moderne/devcenter/internal/KotlinLineCounterTest.java,io.moderne.devcenter.internal.KotlinLineCounterTest,kotlin,FEATURE_ENVY,LOW,"foreign accesses=6, own accesses=0"
src/test/java/io/moderne/devcenter/internal/KotlinLineCounterTest.java,io.moderne.devcenter.internal.KotlinLineCounterTest,markerTextIsNotCounted,FEATURE_ENVY,MEDIUM,"foreign accesses=12, own accesses=1"
src/test/java/io/moderne/devcenter/internal/LineCountAssertions.java,io.moderne.devcenter.internal.LineCountAssertions,assertMarkersNotCounted,FEATURE_ENVY,LOW,"foreign accesses=9, own accesses=1"
src/test/java/io/moderne/devcenter/internal/LineCountAssertions.java,io.moderne.devcenter.internal.LineCountAssertions,assertMatches,FEATURE_ENVY,HIGH,"foreign accesses=15, own accesses=4"
src/test/java/io/moderne/devcenter/internal/LineCountAssertions.java,io.moderne.devcenter.internal.LineCountAssertions,assertParsedCountsMatchSource,FEATURE_ENVY,MEDIUM,"foreign accesses=10, own accesses=3"
src/test/java/io/moderne/devcenter/internal/LineCountAssertions.java,io.moderne.devcenter.internal.LineCountAssertions,mutate,FEATURE_ENVY,HIGH,"foreign accesses=23, own accesses=0"
src/test/java/io/moderne/devcenter/internal/LineCountAssertions.java,io.moderne.devcenter.internal.LineCountAssertions,printedLines,FEATURE_ENVY,LOW,"foreign accesses=5, own accesses=0"
src/test/java/io/moderne/devcenter/internal/LineCountAssertions.java,io.moderne.devcenter.internal.LineCountAssertions,variants,FEATURE_ENVY,MEDIUM,"foreign accesses=12, own accesses=0"
src/test/java/io/moderne/devcenter/internal/LineCountersTest.java,io.moderne.devcenter.internal.LineCountersTest,countsEveryTypeLikeItsSource,FEATURE_ENVY,CRITICAL,"foreign accesses=71, own accesses=15"
src/test/java/io/moderne/devcenter/internal/LineCountersTest.java,io.moderne.devcenter.internal.LineCountersTest,everySourceFileTypeIsCountedUnlessItHasNoSourceText,FEATURE_ENVY,HIGH,"foreign accesses=27, own accesses=0"
src/test/java/io/moderne/devcenter/internal/LineCountersTest.java,io.moderne.devcenter.internal.LineCountersTest,parse,FEATURE_ENVY,LOW,"foreign accesses=5, own accesses=0"
src/test/java/io/moderne/devcenter/internal/PlainTextLineCounterTest.java,io.moderne.devcenter.internal.PlainTextLineCounterTest,markersAreNotCounted,FEATURE_ENVY,HIGH,"foreign accesses=19, own accesses=1"
src/test/java/io/moderne/devcenter/internal/PlainTextLineCounterTest.java,io.moderne.devcenter.internal.PlainTextLineCounterTest,parseErrorCountsItsText,FEATURE_ENVY,MEDIUM,"foreign accesses=12, own accesses=0"
src/test/java/io/moderne/devcenter/internal/PlainTextLineCounterTest.java,io.moderne.devcenter.internal.PlainTextLineCounterTest,plainText,FEATURE_ENVY,LOW,"foreign accesses=5, own accesses=0"
src/test/java/io/moderne/devcenter/internal/PlainTextLineCounterTest.java,io.moderne.devcenter.internal.PlainTextLineCounterTest,plainTextMatchesSource,FEATURE_ENVY,LOW,"foreign accesses=7, own accesses=0"
src/test/java/io/moderne/devcenter/internal/PlainTextLineCounterTest.java,io.moderne.devcenter.internal.PlainTextLineCounterTest,snippetsMatchSource,FEATURE_ENVY,HIGH,"foreign accesses=19, own accesses=3"
src/test/java/io/moderne/devcenter/internal/PropertiesLineCounterTest.java,io.moderne.devcenter.internal.PropertiesLineCounterTest,markersAreNotCounted,FEATURE_ENVY,MEDIUM,"foreign accesses=11, own accesses=1"
src/test/java/io/moderne/devcenter/internal/ProtoLineCounterTest.java,io.moderne.devcenter.internal.ProtoLineCounterTest,markersAreNotCounted,FEATURE_ENVY,MEDIUM,"foreign accesses=11, own accesses=0"
src/test/java/io/moderne/devcenter/internal/ProtoLineCounterTest.java,io.moderne.devcenter.internal.ProtoLineCounterTest,protoMatchesSource,FEATURE_ENVY,LOW,"foreign accesses=7, own accesses=0"
src/test/java/io/moderne/devcenter/internal/ResolvedDependencyVersionsTest.java,io.moderne.devcenter.internal.ResolvedDependencyVersionsTest,dependency,FEATURE_ENVY,LOW,"foreign accesses=8, own accesses=0"
src/test/java/io/moderne/devcenter/internal/ResolvedDependencyVersionsTest.java,io.moderne.devcenter.internal.ResolvedDependencyVersionsTest,excludedDependenciesAreNotFound,FEATURE_ENVY,HIGH,"foreign accesses=19, own accesses=6"
src/test/java/io/moderne/devcenter/internal/ResolvedDependencyVersionsTest.java,io.moderne.devcenter.internal.ResolvedDependencyVersionsTest,projectWithConfigurations,FEATURE_ENVY,MEDIUM,"foreign accesses=13, own accesses=0"
src/test/java/io/moderne/devcenter/internal/ResolvedDependencyVersionsTest.java,io.moderne.devcenter.internal.ResolvedDependencyVersionsTest,randomProject,FEATURE_ENVY,HIGH,"foreign accesses=20, own accesses=2"
src/test/java/io/moderne/devcenter/internal/ResolvedDependencyVersionsTest.java,io.moderne.devcenter.internal.ResolvedDependencyVersionsTest,versionsPerRoot,FEATURE_ENVY,LOW,"foreign accesses=5, own accesses=0"
src/test/java/io/moderne/devcenter/internal/ResolvedDependencyVersionsTest.java,io.moderne.devcenter.internal.ResolvedDependencyVersionsTest,walksSharedSubtreesOnce,FEATURE_ENVY,MEDIUM,"foreign accesses=12, own accesses=5"
src/test/java/io/moderne/devcenter/internal/ResolvedDependencyVersionsTest.java,io.moderne.devcenter.internal.ResolvedDependencyVersionsTest,withMarker,FEATURE_ENVY,LOW,"foreign accesses=8, own accesses=0"
src/test/java/io/moderne/devcenter/internal/RubyLineCounterTest.java,io.moderne.devcenter.internal.RubyLineCounterTest,deeplyNested,FEATURE_ENVY,HIGH,"foreign accesses=20, own accesses=0"
src/test/java/io/moderne/devcenter/internal/RubyLineCounterTest.java,io.moderne.devcenter.internal.RubyLineCounterTest,markerTextIsNotCounted,FEATURE_ENVY,MEDIUM,"foreign accesses=10, own accesses=1"
src/test/java/io/moderne/devcenter/internal/ScalaLineCounterTest.java,io.moderne.devcenter.internal.ScalaLineCounterTest,markerTextIsNotCounted,FEATURE_ENVY,MEDIUM,"foreign accesses=11, own accesses=2"
src/test/java/io/moderne/devcenter/internal/ScalaLineCounterTest.java,io.moderne.devcenter.internal.ScalaLineCounterTest,scalaMatchesSource,FEATURE_ENVY,LOW,"foreign accesses=7, own accesses=2"
src/test/java/io/moderne/devcenter/internal/TomlLineCounterTest.java,io.moderne.devcenter.internal.TomlLineCounterTest,markersAreNotCounted,FEATURE_ENVY,MEDIUM,"foreign accesses=14, own accesses=1"
src/test/java/io/moderne/devcenter/internal/XmlLineCounterTest.java,io.moderne.devcenter.internal.XmlLineCounterTest,markersAreNotCounted,FEATURE_ENVY,MEDIUM,"foreign accesses=12, own accesses=1"
src/test/java/io/moderne/devcenter/internal/XmlLineCounterTest.java,io.moderne.devcenter.internal.XmlLineCounterTest,nested,FEATURE_ENVY,MEDIUM,"foreign accesses=13, own accesses=0"
src/test/java/io/moderne/devcenter/internal/XmlLineCounterTest.java,io.moderne.devcenter.internal.XmlLineCounterTest,parser,FEATURE_ENVY,LOW,"foreign accesses=7, own accesses=0"
src/test/java/io/moderne/devcenter/internal/YamlLineCounterTest.java,io.moderne.devcenter.internal.YamlLineCounterTest,markersAreNotCounted,FEATURE_ENVY,MEDIUM,"foreign accesses=14, own accesses=1"
src/test/java/io/moderne/devcenter/result/DevCenterResultReducerTest.java,io.moderne.devcenter.result.DevCenterResultReducerTest,duplicateRowsForOneRepoCountAsOneRepo,FEATURE_ENVY,MEDIUM,"foreign accesses=10, own accesses=4"
src/test/java/io/moderne/devcenter/result/DevCenterResultReducerTest.java,io.moderne.devcenter.result.DevCenterResultReducerTest,emptySecurity,FEATURE_ENVY,MEDIUM,"foreign accesses=10, own accesses=3"
src/test/java/io/moderne/devcenter/result/DevCenterResultReducerTest.java,io.moderne.devcenter.result.DevCenterResultReducerTest,hasSecurityResults,FEATURE_ENVY,LOW,"foreign accesses=7, own accesses=1"
src/test/java/io/moderne/devcenter/result/DevCenterResultReducerTest.java,io.moderne.devcenter.result.DevCenterResultReducerTest,hasSpringBoot35Results,FEATURE_ENVY,MEDIUM,"foreign accesses=11, own accesses=1"
src/test/java/io/moderne/devcenter/result/DevCenterResultReducerTest.java,io.moderne.devcenter.result.DevCenterResultReducerTest,upgradesAndSecurityIssues,FEATURE_ENVY,MEDIUM,"foreign accesses=13, own accesses=5"
src/test/java/io/moderne/devcenter/table/UpgradesAndMigrationsTest.java,io.moderne.devcenter.table.UpgradesAndMigrationsTest,leastOrdinalRetained,FEATURE_ENVY,HIGH,"foreign accesses=15, own accesses=2"
src/test/java/io/moderne/devcenter/table/UpgradesAndMigrationsTest.java,io.moderne.devcenter.table.UpgradesAndMigrationsTest,leastVersionRetainedAtSameOrdinal,FEATURE_ENVY,HIGH,"foreign accesses=15, own accesses=2"
src/test/java/io/moderne/devcenter/table/UpgradesAndMigrationsTest.java,io.moderne.devcenter.table.UpgradesAndMigrationsTest,nullVersionDoesNotCauseNpe,FEATURE_ENVY,LOW,"foreign accesses=7, own accesses=0"
src/test/java/io/moderne/devcenter/table/UpgradesAndMigrationsTest.java,io.moderne.devcenter.table.UpgradesAndMigrationsTest,singleRowPerCardKeepsWorstOrdinal,FEATURE_ENVY,HIGH,"foreign accesses=18, own accesses=3"
