Convention type,Pattern,Example,Frequency,Scope
imports,Static imports from io.moderne.devcenter.EcmaScriptModernization,io.moderne.devcenter.EcmaScriptModernization.Measure.*,,project-wide
imports,Static imports from org.assertj.core.api,org.assertj.core.api.Assertions.assertThat,,project-wide
imports,Static imports from org.openrewrite.javascript,org.openrewrite.javascript.Assertions.javascript,,project-wide
naming,Test suffix for classes,EcmaScriptModernizationTest,,project-wide
comments,Classes have Javadoc documentation,AggregationFunction,,project-wide
comments,Methods have Javadoc documentation,apply,,project-wide
imports,Static imports from java.util.stream,java.util.stream.Collectors.toList,,project-wide
naming,UPPER_SNAKE_CASE for constants,ANGULAR_CORE,,project-wide
naming,get* method naming pattern,getInstanceName,,project-wide
naming,find* method naming pattern,findAngularCoreMajor,,project-wide
naming,parse* method naming pattern,parseMajorVersion,,project-wide
imports,Static imports from io.moderne.devcenter.DependencyVulnerabilityCheck,io.moderne.devcenter.DependencyVulnerabilityCheck.UpgradeDeltaMeasure.NotFixable,,project-wide
imports,Static imports from java.util,java.util.Collections.emptyList,,project-wide
naming,camelCase for constants,parser,,project-wide
naming,is* method naming pattern,isDevCenter,,project-wide
naming,Exception suffix for classes,DevCenterValidationException,,project-wide
imports,Static imports from org.openrewrite.internal,org.openrewrite.internal.StringUtils.matchesGlob,,project-wide
naming,Builder suffix for classes,SemverRowBuilder,,project-wide
imports,Static imports from io.moderne.devcenter.internal,io.moderne.devcenter.internal.Newlines.countNewlines,,project-wide
imports,Static imports from io.moderne.devcenter.AngularVersionUpgrade,io.moderne.devcenter.AngularVersionUpgrade.Measure.*,,project-wide
imports,Static imports from org.openrewrite.java,org.openrewrite.java.Assertions.java,,project-wide
imports,Static imports from org.assertj.core.groups,org.assertj.core.groups.Tuple.tuple,,project-wide
imports,Static imports from io.moderne.devcenter.CSharpVersionUpgrade,io.moderne.devcenter.CSharpVersionUpgrade.Measure.*,,project-wide
imports,Static imports from org.openrewrite.maven,org.openrewrite.maven.Assertions.pomXml,,project-wide
imports,Static imports from io.moderne.devcenter.JUnitJupiterUpgrade,io.moderne.devcenter.JUnitJupiterUpgrade.Measure.JUnit4,,project-wide
imports,Static imports from io.moderne.devcenter.JavaVersionUpgrade,io.moderne.devcenter.JavaVersionUpgrade.Measure.Java8Plus,,project-wide
imports,Static imports from org.openrewrite.gradle,org.openrewrite.gradle.Assertions.buildGradle,,project-wide
imports,Static imports from org.openrewrite.gradle.toolingapi,org.openrewrite.gradle.toolingapi.Assertions.withToolingApi,,project-wide
naming,validate* method naming pattern,validateStandAloneDevCenterRecipe,,project-wide
imports,Static imports from org.openrewrite,org.openrewrite.Tree.randomId,,project-wide
imports,Static imports from org.openrewrite.test,org.openrewrite.test.SourceSpecs.text,,project-wide
imports,Static imports from org.openrewrite.kotlin,org.openrewrite.kotlin.Assertions.kotlin,,project-wide
imports,Static imports from org.openrewrite.xml,org.openrewrite.xml.Assertions.xml,,project-wide
imports,Static imports from io.moderne.devcenter.GoVersionUpgrade,io.moderne.devcenter.GoVersionUpgrade.Measure.*,,project-wide
imports,Static imports from io.moderne.devcenter.GroovyVersionUpgrade,io.moderne.devcenter.GroovyVersionUpgrade.Measure.*,,project-wide
imports,Static imports from io.moderne.devcenter.KotlinVersionUpgrade,io.moderne.devcenter.KotlinVersionUpgrade.Measure.*,,project-wide
imports,Static imports from io.moderne.devcenter,io.moderne.devcenter.SemverMeasure.*,,project-wide
naming,build* method naming pattern,buildGradleWith,,project-wide
imports,Static imports from io.moderne.devcenter.NodeVersionUpgrade,io.moderne.devcenter.NodeVersionUpgrade.Measure.*,,project-wide
imports,Static imports from io.moderne.devcenter.PythonVersionUpgrade,io.moderne.devcenter.PythonVersionUpgrade.Measure.*,,project-wide
imports,Static imports from io.moderne.devcenter.ScalaVersionUpgrade,io.moderne.devcenter.ScalaVersionUpgrade.Measure.*,,project-wide
naming,has* method naming pattern,hasSecurityResults,,project-wide
imports,Static imports from io.moderne.devcenter.table,io.moderne.devcenter.table.UpgradesAndMigrations.bestRow,,project-wide
