Library,Top-level package,Usage pattern,Common classes,Import count,Example usage
com.fasterxml.jackson.core:jackson-annotations:2.21,com.fasterxml.jackson.core,,"JsonCreator, JsonProperty",1,
com.fasterxml.jackson.core:jackson-core:2.21.7,com.fasterxml.jackson.core,,JsonProcessingException,1,
com.fasterxml.jackson.core:jackson-databind:2.21.7,com.fasterxml.jackson.core,,"ObjectMapper, JsonNode",1,
com.univocity:univocity-parsers:2.9.1,com.univocity,,"CsvParser, CsvParserSettings",1,
de.siegmar:fastcsv:3.7.0,de.siegmar,,"CsvReader, CommentStrategy, NamedCsvRecord",1,
io.github.classgraph:classgraph:4.8.197,io.github.classgraph,,"ClassGraph, ClassInfo, ScanResult",1,
io.moderne:moderne-organizations-format:1.0.3,io.moderne,,"Organization, RepositorySpec, RepositoryId, OrganizationReader",1,
org.assertj:assertj-core:3.27.7,org.assertj,,"ThrowingExtractor, ThrowableAssert.ThrowingCallable",1,
org.jetbrains:annotations:26.1.0,org.jetbrains,,Language,1,
org.jspecify:jspecify:1.0.1,org.jspecify,,"Nullable, NullMarked",1,
org.junit.jupiter:junit-jupiter-api:6.1.3,org.junit.jupiter,,"Test, AfterEach, BeforeEach, TempDir",1,
org.junit.jupiter:junit-jupiter-params:6.1.3,org.junit.jupiter,,"ParameterizedTest, Arguments, MethodSource, CsvSource, ValueSource",1,
org.openrewrite.recipe:rewrite-java-dependencies:1.64.0-SNAPSHOT,org.openrewrite.recipe,,"VersionParser, Version",1,
org.openrewrite.recipe:rewrite-java-security:3.43.0-SNAPSHOT,org.openrewrite.recipe,,"DependencyVulnerabilityCheck, DependencyVulnerabilityCheckBase, DependencyVulnerabilityCheckBase.Accumulator, DependencyVulnerabilityCheckBase.UpgradeDelta, VulnerabilityReport, VulnerabilityReport.Row",1,
org.openrewrite:rewrite-core:8.93.0-SNAPSHOT,org.openrewrite,,"TreeVisitor, SourceFile, ExecutionContext, Tree, Option, Markup, SearchResult, DataTable",1,
org.openrewrite:rewrite-csharp:8.93.0-SNAPSHOT,org.openrewrite,,"CSharpVisitor, Cs, Cs.CompilationUnit, CsDocCommentVisitor, MSBuildProject, MSBuildProject.TargetFramework, CsDocComment, CsDocComment.DocComment",1,
org.openrewrite:rewrite-docker:8.93.0-SNAPSHOT,org.openrewrite,,"Docker, Docker.File, Docker.Cmd, Docker.Run, DockerIsoVisitor, DockerParser, Comment, Docker.Add",1,
org.openrewrite:rewrite-go:8.93.0-SNAPSHOT,org.openrewrite,,"Go, Go.CompilationUnit, GoMod, GoSum, GoMod.Block, GoMod.Directive, GoMod.Value, GoModVisitor",1,
org.openrewrite:rewrite-gradle:8.93.0-SNAPSHOT,org.openrewrite,,"IsBuildGradle, GradleDependencyConfiguration, GradleProject, GradleParser",1,
org.openrewrite:rewrite-groovy:8.93.0-SNAPSHOT,org.openrewrite,,"G, G.CompilationUnit, GroovyIsoVisitor, GroovyParser, GroovyVisitor, AsStyleTypeCast, Elvis, EmptyArgumentListPrecedesArgument",1,
org.openrewrite:rewrite-hcl:8.93.0-SNAPSHOT,org.openrewrite,,"Hcl, Hcl.ConfigFile, Hcl.Attribute, Hcl.Literal, HclContainer, HclIsoVisitor, HclLeftPadded, HclParser",1,
org.openrewrite:rewrite-java:8.93.0-SNAPSHOT,org.openrewrite,,"JRightPadded, J, JContainer, Space, J.Literal, JLeftPadded, Space.Location, J.Unknown",1,
org.openrewrite:rewrite-javascript:8.93.0-SNAPSHOT,org.openrewrite,,"JS, JS.CompilationUnit, JavaScriptIsoVisitor, NodeResolutionResult, JS.ArrowFunction, JS.ComputedPropertyMethodDeclaration, JS.NamespaceDeclaration, JS.ScopedVariableDeclarations",1,
org.openrewrite:rewrite-json:8.93.0-SNAPSHOT,org.openrewrite,,"Json, Json.Document, JsonRightPadded, Json.Array, Json.Literal, JsonParser, JsonVisitor, Comment",1,
org.openrewrite:rewrite-kotlin:8.93.0-SNAPSHOT,org.openrewrite,,"K, K.CompilationUnit, KotlinIsoVisitor, KotlinParser, KotlinVisitor, AnonymousFunction, Extension, Implicit",1,
org.openrewrite:rewrite-maven:8.93.0-SNAPSHOT,org.openrewrite,,"MavenResolutionResult, Dependency, ResolvedDependency, FindMavenProject, GroupArtifact, GroupArtifactVersion, MavenParser, ResolvedGroupArtifactVersion",1,
org.openrewrite:rewrite-properties:8.93.0-SNAPSHOT,org.openrewrite,,"Properties, Properties.File, Properties.Comment, Properties.Entry, PropertiesParser, PropertiesVisitor, Properties.Content, Properties.Entry.Delimiter",1,
org.openrewrite:rewrite-protobuf:8.93.0-SNAPSHOT,org.openrewrite,,"Proto, Proto.Document, ProtoRightPadded, Proto.Field, Proto.Message, ProtoContainer, ProtoIsoVisitor, ProtoParser",1,
org.openrewrite:rewrite-python:8.93.0-SNAPSHOT,org.openrewrite,,"Py, Py.CompilationUnit, PythonResolutionResult, PythonVisitor, PyComment",1,
org.openrewrite:rewrite-ruby:8.93.0-SNAPSHOT,org.openrewrite,,"Rb, Rb.CompilationUnit, RubyIsoVisitor, RubyParser, RubyVisitor, Rb.Block, Rb.ClassMethod, Rb.ComplexString",1,
org.openrewrite:rewrite-scala:8.93.0-SNAPSHOT,org.openrewrite,,"S, S.CompilationUnit, ScalaParser, ScalaVisitor, AsInstanceOfPrefix, BlockArgument, Curried, ExtraConstructorParamLists",1,
org.openrewrite:rewrite-test:8.93.0-SNAPSHOT,org.openrewrite,,"RecipeSpec, RewriteTest, SourceSpec, SourceSpecs, UncheckedConsumer",1,
org.openrewrite:rewrite-toml:8.93.0-SNAPSHOT,org.openrewrite,,"Toml, Toml.Document, Toml.Literal, TomlIsoVisitor, TomlParser, TomlRightPadded, Comment, InlineTable",1,
org.openrewrite:rewrite-xml:8.93.0-SNAPSHOT,org.openrewrite,,"Xml, Xml.Document, XmlParser, Xml.Comment, Xml.Tag, XmlVisitor, HtmlVoidElement, Xml.Attribute",1,
org.openrewrite:rewrite-yaml:8.93.0-SNAPSHOT,org.openrewrite,,"Yaml, Yaml.Documents, Yaml.Scalar, YamlIsoVisitor, YamlParser, OmitColon, Yaml.Alias, Yaml.Anchor",1,
org.projectlombok:lombok:1.18.48,org.projectlombok,,"Value, EqualsAndHashCode, Getter, RequiredArgsConstructor, EqualsAndHashCode.Include, ToString, With",1,
